--------------------------------------------------------
-- Archivo creado  - jueves-julio-07-2022   
--------------------------------------------------------
--------------------------------------------------------
--  DDL for Table AUTH_GROUP
--------------------------------------------------------

  CREATE TABLE "BUYBEE"."AUTH_GROUP" 
   (	"ID" NUMBER(11,0) GENERATED BY DEFAULT ON NULL AS IDENTITY MINVALUE 1 MAXVALUE 9999999999999999999999999999 INCREMENT BY 1 START WITH 1 CACHE 20 NOORDER  NOCYCLE  NOKEEP  NOSCALE , 
	"NAME" NVARCHAR2(150)
   ) SEGMENT CREATION DEFERRED 
  PCTFREE 10 PCTUSED 40 INITRANS 1 MAXTRANS 255 
 NOCOMPRESS LOGGING
  TABLESPACE "USERS" ;
--------------------------------------------------------
--  DDL for Table AUTH_GROUP_PERMISSIONS
--------------------------------------------------------

  CREATE TABLE "BUYBEE"."AUTH_GROUP_PERMISSIONS" 
   (	"ID" NUMBER(19,0) GENERATED BY DEFAULT ON NULL AS IDENTITY MINVALUE 1 MAXVALUE 9999999999999999999999999999 INCREMENT BY 1 START WITH 1 CACHE 20 NOORDER  NOCYCLE  NOKEEP  NOSCALE , 
	"GROUP_ID" NUMBER(11,0), 
	"PERMISSION_ID" NUMBER(11,0)
   ) SEGMENT CREATION DEFERRED 
  PCTFREE 10 PCTUSED 40 INITRANS 1 MAXTRANS 255 
 NOCOMPRESS LOGGING
  TABLESPACE "USERS" ;
--------------------------------------------------------
--  DDL for Table AUTH_PERMISSION
--------------------------------------------------------

  CREATE TABLE "BUYBEE"."AUTH_PERMISSION" 
   (	"ID" NUMBER(11,0) GENERATED BY DEFAULT ON NULL AS IDENTITY MINVALUE 1 MAXVALUE 9999999999999999999999999999 INCREMENT BY 1 START WITH 1 CACHE 20 NOORDER  NOCYCLE  NOKEEP  NOSCALE , 
	"NAME" NVARCHAR2(255), 
	"CONTENT_TYPE_ID" NUMBER(11,0), 
	"CODENAME" NVARCHAR2(100)
   ) SEGMENT CREATION IMMEDIATE 
  PCTFREE 10 PCTUSED 40 INITRANS 1 MAXTRANS 255 
 NOCOMPRESS LOGGING
  STORAGE(INITIAL 65536 NEXT 1048576 MINEXTENTS 1 MAXEXTENTS 2147483645
  PCTINCREASE 0 FREELISTS 1 FREELIST GROUPS 1
  BUFFER_POOL DEFAULT FLASH_CACHE DEFAULT CELL_FLASH_CACHE DEFAULT)
  TABLESPACE "USERS" ;
--------------------------------------------------------
--  DDL for Table AUTH_USER
--------------------------------------------------------

  CREATE TABLE "BUYBEE"."AUTH_USER" 
   (	"ID" NUMBER(11,0) GENERATED BY DEFAULT ON NULL AS IDENTITY MINVALUE 1 MAXVALUE 9999999999999999999999999999 INCREMENT BY 1 START WITH 1 CACHE 20 NOORDER  NOCYCLE  NOKEEP  NOSCALE , 
	"PASSWORD" NVARCHAR2(128), 
	"LAST_LOGIN" TIMESTAMP (6), 
	"IS_SUPERUSER" NUMBER(1,0), 
	"USERNAME" NVARCHAR2(150), 
	"FIRST_NAME" NVARCHAR2(150), 
	"LAST_NAME" NVARCHAR2(150), 
	"EMAIL" NVARCHAR2(254), 
	"IS_STAFF" NUMBER(1,0), 
	"IS_ACTIVE" NUMBER(1,0), 
	"DATE_JOINED" TIMESTAMP (6)
   ) SEGMENT CREATION IMMEDIATE 
  PCTFREE 10 PCTUSED 40 INITRANS 1 MAXTRANS 255 
 NOCOMPRESS LOGGING
  STORAGE(INITIAL 65536 NEXT 1048576 MINEXTENTS 1 MAXEXTENTS 2147483645
  PCTINCREASE 0 FREELISTS 1 FREELIST GROUPS 1
  BUFFER_POOL DEFAULT FLASH_CACHE DEFAULT CELL_FLASH_CACHE DEFAULT)
  TABLESPACE "USERS" ;
--------------------------------------------------------
--  DDL for Table AUTH_USER_GROUPS
--------------------------------------------------------

  CREATE TABLE "BUYBEE"."AUTH_USER_GROUPS" 
   (	"ID" NUMBER(19,0) GENERATED BY DEFAULT ON NULL AS IDENTITY MINVALUE 1 MAXVALUE 9999999999999999999999999999 INCREMENT BY 1 START WITH 1 CACHE 20 NOORDER  NOCYCLE  NOKEEP  NOSCALE , 
	"USER_ID" NUMBER(11,0), 
	"GROUP_ID" NUMBER(11,0)
   ) SEGMENT CREATION DEFERRED 
  PCTFREE 10 PCTUSED 40 INITRANS 1 MAXTRANS 255 
 NOCOMPRESS LOGGING
  TABLESPACE "USERS" ;
--------------------------------------------------------
--  DDL for Table AUTH_USER_USER_PERMISSIONS
--------------------------------------------------------

  CREATE TABLE "BUYBEE"."AUTH_USER_USER_PERMISSIONS" 
   (	"ID" NUMBER(19,0) GENERATED BY DEFAULT ON NULL AS IDENTITY MINVALUE 1 MAXVALUE 9999999999999999999999999999 INCREMENT BY 1 START WITH 1 CACHE 20 NOORDER  NOCYCLE  NOKEEP  NOSCALE , 
	"USER_ID" NUMBER(11,0), 
	"PERMISSION_ID" NUMBER(11,0)
   ) SEGMENT CREATION DEFERRED 
  PCTFREE 10 PCTUSED 40 INITRANS 1 MAXTRANS 255 
 NOCOMPRESS LOGGING
  TABLESPACE "USERS" ;
--------------------------------------------------------
--  DDL for Table BUYBEEAPP_CARRITO
--------------------------------------------------------

  CREATE TABLE "BUYBEE"."BUYBEEAPP_CARRITO" 
   (	"ID" NUMBER(19,0) GENERATED BY DEFAULT ON NULL AS IDENTITY MINVALUE 1 MAXVALUE 9999999999999999999999999999 INCREMENT BY 1 START WITH 1 CACHE 20 NOORDER  NOCYCLE  NOKEEP  NOSCALE , 
	"TOTAL" NUMBER(11,0), 
	"CUPON" NVARCHAR2(12), 
	"DUENIO_ID" NUMBER(11,0)
   ) SEGMENT CREATION IMMEDIATE 
  PCTFREE 10 PCTUSED 40 INITRANS 1 MAXTRANS 255 
 NOCOMPRESS LOGGING
  STORAGE(INITIAL 65536 NEXT 1048576 MINEXTENTS 1 MAXEXTENTS 2147483645
  PCTINCREASE 0 FREELISTS 1 FREELIST GROUPS 1
  BUFFER_POOL DEFAULT FLASH_CACHE DEFAULT CELL_FLASH_CACHE DEFAULT)
  TABLESPACE "USERS" ;
--------------------------------------------------------
--  DDL for Table BUYBEEAPP_CATEGORIA
--------------------------------------------------------

  CREATE TABLE "BUYBEE"."BUYBEEAPP_CATEGORIA" 
   (	"ID" NUMBER(19,0) GENERATED BY DEFAULT ON NULL AS IDENTITY MINVALUE 1 MAXVALUE 9999999999999999999999999999 INCREMENT BY 1 START WITH 1 CACHE 20 NOORDER  NOCYCLE  NOKEEP  NOSCALE , 
	"NOMBRE" NVARCHAR2(32), 
	"FOTO" NVARCHAR2(100)
   ) SEGMENT CREATION IMMEDIATE 
  PCTFREE 10 PCTUSED 40 INITRANS 1 MAXTRANS 255 
 NOCOMPRESS LOGGING
  STORAGE(INITIAL 65536 NEXT 1048576 MINEXTENTS 1 MAXEXTENTS 2147483645
  PCTINCREASE 0 FREELISTS 1 FREELIST GROUPS 1
  BUFFER_POOL DEFAULT FLASH_CACHE DEFAULT CELL_FLASH_CACHE DEFAULT)
  TABLESPACE "USERS" ;
--------------------------------------------------------
--  DDL for Table BUYBEEAPP_DETALLEPEDIDO
--------------------------------------------------------

  CREATE TABLE "BUYBEE"."BUYBEEAPP_DETALLEPEDIDO" 
   (	"ID" NUMBER(19,0) GENERATED BY DEFAULT ON NULL AS IDENTITY MINVALUE 1 MAXVALUE 9999999999999999999999999999 INCREMENT BY 1 START WITH 1 CACHE 20 NOORDER  NOCYCLE  NOKEEP  NOSCALE , 
	"CANTIDAD" NUMBER(11,0), 
	"SUBTOTAL" NUMBER(11,0), 
	"PEDIDO_ID" NUMBER(19,0), 
	"PRODUCTO_ID" NUMBER(19,0) DEFAULT NULL
   ) SEGMENT CREATION IMMEDIATE 
  PCTFREE 10 PCTUSED 40 INITRANS 1 MAXTRANS 255 
 NOCOMPRESS LOGGING
  STORAGE(INITIAL 65536 NEXT 1048576 MINEXTENTS 1 MAXEXTENTS 2147483645
  PCTINCREASE 0 FREELISTS 1 FREELIST GROUPS 1
  BUFFER_POOL DEFAULT FLASH_CACHE DEFAULT CELL_FLASH_CACHE DEFAULT)
  TABLESPACE "USERS" ;
--------------------------------------------------------
--  DDL for Table BUYBEEAPP_ENVIO
--------------------------------------------------------

  CREATE TABLE "BUYBEE"."BUYBEEAPP_ENVIO" 
   (	"ID" NUMBER(19,0) GENERATED BY DEFAULT ON NULL AS IDENTITY MINVALUE 1 MAXVALUE 9999999999999999999999999999 INCREMENT BY 1 START WITH 1 CACHE 20 NOORDER  NOCYCLE  NOKEEP  NOSCALE , 
	"FECHA_EMISION" DATE, 
	"FECHA_ACTUALIZACION" DATE, 
	"COMPRADOR_ID" NUMBER(11,0), 
	"ESTADO_ID" NUMBER(19,0), 
	"PEDIDO_ID" NUMBER(19,0), 
	"VENDEDOR_ID" NUMBER(11,0)
   ) SEGMENT CREATION IMMEDIATE 
  PCTFREE 10 PCTUSED 40 INITRANS 1 MAXTRANS 255 
 NOCOMPRESS LOGGING
  STORAGE(INITIAL 65536 NEXT 1048576 MINEXTENTS 1 MAXEXTENTS 2147483645
  PCTINCREASE 0 FREELISTS 1 FREELIST GROUPS 1
  BUFFER_POOL DEFAULT FLASH_CACHE DEFAULT CELL_FLASH_CACHE DEFAULT)
  TABLESPACE "USERS" ;
--------------------------------------------------------
--  DDL for Table BUYBEEAPP_ESTADOENVIO
--------------------------------------------------------

  CREATE TABLE "BUYBEE"."BUYBEEAPP_ESTADOENVIO" 
   (	"ID" NUMBER(19,0) GENERATED BY DEFAULT ON NULL AS IDENTITY MINVALUE 1 MAXVALUE 9999999999999999999999999999 INCREMENT BY 1 START WITH 1 CACHE 20 NOORDER  NOCYCLE  NOKEEP  NOSCALE , 
	"NOMBRE" NVARCHAR2(32)
   ) SEGMENT CREATION IMMEDIATE 
  PCTFREE 10 PCTUSED 40 INITRANS 1 MAXTRANS 255 
 NOCOMPRESS LOGGING
  STORAGE(INITIAL 65536 NEXT 1048576 MINEXTENTS 1 MAXEXTENTS 2147483645
  PCTINCREASE 0 FREELISTS 1 FREELIST GROUPS 1
  BUFFER_POOL DEFAULT FLASH_CACHE DEFAULT CELL_FLASH_CACHE DEFAULT)
  TABLESPACE "USERS" ;
--------------------------------------------------------
--  DDL for Table BUYBEEAPP_ESTADOPEDIDO
--------------------------------------------------------

  CREATE TABLE "BUYBEE"."BUYBEEAPP_ESTADOPEDIDO" 
   (	"ID" NUMBER(19,0), 
	"NOMBRE" NVARCHAR2(32)
   ) SEGMENT CREATION IMMEDIATE 
  PCTFREE 10 PCTUSED 40 INITRANS 1 MAXTRANS 255 
 NOCOMPRESS LOGGING
  STORAGE(INITIAL 65536 NEXT 1048576 MINEXTENTS 1 MAXEXTENTS 2147483645
  PCTINCREASE 0 FREELISTS 1 FREELIST GROUPS 1
  BUFFER_POOL DEFAULT FLASH_CACHE DEFAULT CELL_FLASH_CACHE DEFAULT)
  TABLESPACE "USERS" ;
--------------------------------------------------------
--  DDL for Table BUYBEEAPP_PEDIDO
--------------------------------------------------------

  CREATE TABLE "BUYBEE"."BUYBEEAPP_PEDIDO" 
   (	"ID" NUMBER(19,0) GENERATED BY DEFAULT ON NULL AS IDENTITY MINVALUE 1 MAXVALUE 9999999999999999999999999999 INCREMENT BY 1 START WITH 1 CACHE 20 NOORDER  NOCYCLE  NOKEEP  NOSCALE , 
	"FECHA" DATE, 
	"TOTAL" NUMBER(11,0), 
	"COMPRADOR_ID" NUMBER(11,0), 
	"ESTADO_ID" NUMBER(19,0)
   ) SEGMENT CREATION IMMEDIATE 
  PCTFREE 10 PCTUSED 40 INITRANS 1 MAXTRANS 255 
 NOCOMPRESS LOGGING
  STORAGE(INITIAL 65536 NEXT 1048576 MINEXTENTS 1 MAXEXTENTS 2147483645
  PCTINCREASE 0 FREELISTS 1 FREELIST GROUPS 1
  BUFFER_POOL DEFAULT FLASH_CACHE DEFAULT CELL_FLASH_CACHE DEFAULT)
  TABLESPACE "USERS" ;
--------------------------------------------------------
--  DDL for Table BUYBEEAPP_PRODUCTOCARRITO
--------------------------------------------------------

  CREATE TABLE "BUYBEE"."BUYBEEAPP_PRODUCTOCARRITO" 
   (	"ID" NUMBER(19,0) GENERATED BY DEFAULT ON NULL AS IDENTITY MINVALUE 1 MAXVALUE 9999999999999999999999999999 INCREMENT BY 1 START WITH 1 CACHE 20 NOORDER  NOCYCLE  NOKEEP  NOSCALE , 
	"CANTIDAD" NUMBER(11,0), 
	"CARRITO_ID" NUMBER(19,0), 
	"PRODUCTO_ID" NUMBER(19,0)
   ) SEGMENT CREATION IMMEDIATE 
  PCTFREE 10 PCTUSED 40 INITRANS 1 MAXTRANS 255 
 NOCOMPRESS LOGGING
  STORAGE(INITIAL 65536 NEXT 1048576 MINEXTENTS 1 MAXEXTENTS 2147483645
  PCTINCREASE 0 FREELISTS 1 FREELIST GROUPS 1
  BUFFER_POOL DEFAULT FLASH_CACHE DEFAULT CELL_FLASH_CACHE DEFAULT)
  TABLESPACE "USERS" ;
--------------------------------------------------------
--  DDL for Table BUYBEEAPP_PRODUCTOIMAGEN
--------------------------------------------------------

  CREATE TABLE "BUYBEE"."BUYBEEAPP_PRODUCTOIMAGEN" 
   (	"ID" NUMBER(19,0) GENERATED BY DEFAULT ON NULL AS IDENTITY MINVALUE 1 MAXVALUE 9999999999999999999999999999 INCREMENT BY 1 START WITH 1 CACHE 20 NOORDER  NOCYCLE  NOKEEP  NOSCALE , 
	"IMAGEN" NVARCHAR2(100), 
	"PRODUCTO_ID" NUMBER(19,0)
   ) SEGMENT CREATION IMMEDIATE 
  PCTFREE 10 PCTUSED 40 INITRANS 1 MAXTRANS 255 
 NOCOMPRESS LOGGING
  STORAGE(INITIAL 65536 NEXT 1048576 MINEXTENTS 1 MAXEXTENTS 2147483645
  PCTINCREASE 0 FREELISTS 1 FREELIST GROUPS 1
  BUFFER_POOL DEFAULT FLASH_CACHE DEFAULT CELL_FLASH_CACHE DEFAULT)
  TABLESPACE "USERS" ;
--------------------------------------------------------
--  DDL for Table BUYBEEAPP_PRODUCTOVENTA
--------------------------------------------------------

  CREATE TABLE "BUYBEE"."BUYBEEAPP_PRODUCTOVENTA" 
   (	"ID" NUMBER(19,0) GENERATED BY DEFAULT ON NULL AS IDENTITY MINVALUE 1 MAXVALUE 9999999999999999999999999999 INCREMENT BY 1 START WITH 1 CACHE 20 NOORDER  NOCYCLE  NOKEEP  NOSCALE , 
	"NOMBRE" NVARCHAR2(64), 
	"DESCRIPCION" NVARCHAR2(1024), 
	"PRECIO" NUMBER(11,0), 
	"STOCK" NUMBER(11,0), 
	"FECHA_PUBLICACION" DATE, 
	"VISTAS" NUMBER(11,0), 
	"COMPRAS" NUMBER(11,0), 
	"CATEGORIA_ID" NUMBER(19,0), 
	"VENDEDOR_ID" NUMBER(11,0)
   ) SEGMENT CREATION IMMEDIATE 
  PCTFREE 10 PCTUSED 40 INITRANS 1 MAXTRANS 255 
 NOCOMPRESS LOGGING
  STORAGE(INITIAL 65536 NEXT 1048576 MINEXTENTS 1 MAXEXTENTS 2147483645
  PCTINCREASE 0 FREELISTS 1 FREELIST GROUPS 1
  BUFFER_POOL DEFAULT FLASH_CACHE DEFAULT CELL_FLASH_CACHE DEFAULT)
  TABLESPACE "USERS" ;
--------------------------------------------------------
--  DDL for Table BUYBEEAPP_USUARIO
--------------------------------------------------------

  CREATE TABLE "BUYBEE"."BUYBEEAPP_USUARIO" 
   (	"RUT" NUMBER(11,0), 
	"NOMBREUSUARIO" NVARCHAR2(128), 
	"NOMBRES" NVARCHAR2(128), 
	"APELLIDOS" NVARCHAR2(128), 
	"EMAIL" NVARCHAR2(254), 
	"NUMERO" NUMBER(11,0), 
	"FOTO_PERFIL" NVARCHAR2(100), 
	"SUSCRITO" NUMBER(1,0)
   ) SEGMENT CREATION IMMEDIATE 
  PCTFREE 10 PCTUSED 40 INITRANS 1 MAXTRANS 255 
 NOCOMPRESS LOGGING
  STORAGE(INITIAL 65536 NEXT 1048576 MINEXTENTS 1 MAXEXTENTS 2147483645
  PCTINCREASE 0 FREELISTS 1 FREELIST GROUPS 1
  BUFFER_POOL DEFAULT FLASH_CACHE DEFAULT CELL_FLASH_CACHE DEFAULT)
  TABLESPACE "USERS" ;
--------------------------------------------------------
--  DDL for Table DJANGO_ADMIN_LOG
--------------------------------------------------------

  CREATE TABLE "BUYBEE"."DJANGO_ADMIN_LOG" 
   (	"ID" NUMBER(11,0) GENERATED BY DEFAULT ON NULL AS IDENTITY MINVALUE 1 MAXVALUE 9999999999999999999999999999 INCREMENT BY 1 START WITH 1 CACHE 20 NOORDER  NOCYCLE  NOKEEP  NOSCALE , 
	"ACTION_TIME" TIMESTAMP (6), 
	"OBJECT_ID" NCLOB, 
	"OBJECT_REPR" NVARCHAR2(200), 
	"ACTION_FLAG" NUMBER(11,0), 
	"CHANGE_MESSAGE" NCLOB, 
	"CONTENT_TYPE_ID" NUMBER(11,0), 
	"USER_ID" NUMBER(11,0)
   ) SEGMENT CREATION IMMEDIATE 
  PCTFREE 10 PCTUSED 40 INITRANS 1 MAXTRANS 255 
 NOCOMPRESS LOGGING
  STORAGE(INITIAL 65536 NEXT 1048576 MINEXTENTS 1 MAXEXTENTS 2147483645
  PCTINCREASE 0 FREELISTS 1 FREELIST GROUPS 1
  BUFFER_POOL DEFAULT FLASH_CACHE DEFAULT CELL_FLASH_CACHE DEFAULT)
  TABLESPACE "USERS" 
 LOB ("OBJECT_ID") STORE AS SECUREFILE (
  TABLESPACE "USERS" ENABLE STORAGE IN ROW 4000 CHUNK 8192
  NOCACHE LOGGING  NOCOMPRESS  KEEP_DUPLICATES 
  STORAGE(INITIAL 262144 NEXT 1048576 MINEXTENTS 1 MAXEXTENTS 2147483645
  PCTINCREASE 0
  BUFFER_POOL DEFAULT FLASH_CACHE DEFAULT CELL_FLASH_CACHE DEFAULT)) 
 LOB ("CHANGE_MESSAGE") STORE AS SECUREFILE (
  TABLESPACE "USERS" ENABLE STORAGE IN ROW 4000 CHUNK 8192
  NOCACHE LOGGING  NOCOMPRESS  KEEP_DUPLICATES 
  STORAGE(INITIAL 262144 NEXT 1048576 MINEXTENTS 1 MAXEXTENTS 2147483645
  PCTINCREASE 0
  BUFFER_POOL DEFAULT FLASH_CACHE DEFAULT CELL_FLASH_CACHE DEFAULT)) ;
--------------------------------------------------------
--  DDL for Table DJANGO_CONTENT_TYPE
--------------------------------------------------------

  CREATE TABLE "BUYBEE"."DJANGO_CONTENT_TYPE" 
   (	"ID" NUMBER(11,0) GENERATED BY DEFAULT ON NULL AS IDENTITY MINVALUE 1 MAXVALUE 9999999999999999999999999999 INCREMENT BY 1 START WITH 1 CACHE 20 NOORDER  NOCYCLE  NOKEEP  NOSCALE , 
	"APP_LABEL" NVARCHAR2(100), 
	"MODEL" NVARCHAR2(100)
   ) SEGMENT CREATION IMMEDIATE 
  PCTFREE 10 PCTUSED 40 INITRANS 1 MAXTRANS 255 
 NOCOMPRESS LOGGING
  STORAGE(INITIAL 65536 NEXT 1048576 MINEXTENTS 1 MAXEXTENTS 2147483645
  PCTINCREASE 0 FREELISTS 1 FREELIST GROUPS 1
  BUFFER_POOL DEFAULT FLASH_CACHE DEFAULT CELL_FLASH_CACHE DEFAULT)
  TABLESPACE "USERS" ;
--------------------------------------------------------
--  DDL for Table DJANGO_MIGRATIONS
--------------------------------------------------------

  CREATE TABLE "BUYBEE"."DJANGO_MIGRATIONS" 
   (	"ID" NUMBER(19,0) GENERATED BY DEFAULT ON NULL AS IDENTITY MINVALUE 1 MAXVALUE 9999999999999999999999999999 INCREMENT BY 1 START WITH 1 CACHE 20 NOORDER  NOCYCLE  NOKEEP  NOSCALE , 
	"APP" NVARCHAR2(255), 
	"NAME" NVARCHAR2(255), 
	"APPLIED" TIMESTAMP (6)
   ) SEGMENT CREATION IMMEDIATE 
  PCTFREE 10 PCTUSED 40 INITRANS 1 MAXTRANS 255 
 NOCOMPRESS LOGGING
  STORAGE(INITIAL 65536 NEXT 1048576 MINEXTENTS 1 MAXEXTENTS 2147483645
  PCTINCREASE 0 FREELISTS 1 FREELIST GROUPS 1
  BUFFER_POOL DEFAULT FLASH_CACHE DEFAULT CELL_FLASH_CACHE DEFAULT)
  TABLESPACE "USERS" ;
--------------------------------------------------------
--  DDL for Table DJANGO_SESSION
--------------------------------------------------------

  CREATE TABLE "BUYBEE"."DJANGO_SESSION" 
   (	"SESSION_KEY" NVARCHAR2(40), 
	"SESSION_DATA" NCLOB, 
	"EXPIRE_DATE" TIMESTAMP (6)
   ) SEGMENT CREATION IMMEDIATE 
  PCTFREE 10 PCTUSED 40 INITRANS 1 MAXTRANS 255 
 NOCOMPRESS LOGGING
  STORAGE(INITIAL 65536 NEXT 1048576 MINEXTENTS 1 MAXEXTENTS 2147483645
  PCTINCREASE 0 FREELISTS 1 FREELIST GROUPS 1
  BUFFER_POOL DEFAULT FLASH_CACHE DEFAULT CELL_FLASH_CACHE DEFAULT)
  TABLESPACE "USERS" 
 LOB ("SESSION_DATA") STORE AS SECUREFILE (
  TABLESPACE "USERS" ENABLE STORAGE IN ROW 4000 CHUNK 8192
  NOCACHE LOGGING  NOCOMPRESS  KEEP_DUPLICATES 
  STORAGE(INITIAL 262144 NEXT 1048576 MINEXTENTS 1 MAXEXTENTS 2147483645
  PCTINCREASE 0
  BUFFER_POOL DEFAULT FLASH_CACHE DEFAULT CELL_FLASH_CACHE DEFAULT)) ;
REM INSERTING into BUYBEE.AUTH_GROUP
SET DEFINE OFF;
REM INSERTING into BUYBEE.AUTH_GROUP_PERMISSIONS
SET DEFINE OFF;
REM INSERTING into BUYBEE.AUTH_PERMISSION
SET DEFINE OFF;
Insert into BUYBEE.AUTH_PERMISSION (ID,NAME,CONTENT_TYPE_ID,CODENAME) values ('1','Can add log entry','1','add_logentry');
Insert into BUYBEE.AUTH_PERMISSION (ID,NAME,CONTENT_TYPE_ID,CODENAME) values ('2','Can change log entry','1','change_logentry');
Insert into BUYBEE.AUTH_PERMISSION (ID,NAME,CONTENT_TYPE_ID,CODENAME) values ('3','Can delete log entry','1','delete_logentry');
Insert into BUYBEE.AUTH_PERMISSION (ID,NAME,CONTENT_TYPE_ID,CODENAME) values ('4','Can view log entry','1','view_logentry');
Insert into BUYBEE.AUTH_PERMISSION (ID,NAME,CONTENT_TYPE_ID,CODENAME) values ('5','Can add permission','2','add_permission');
Insert into BUYBEE.AUTH_PERMISSION (ID,NAME,CONTENT_TYPE_ID,CODENAME) values ('6','Can change permission','2','change_permission');
Insert into BUYBEE.AUTH_PERMISSION (ID,NAME,CONTENT_TYPE_ID,CODENAME) values ('7','Can delete permission','2','delete_permission');
Insert into BUYBEE.AUTH_PERMISSION (ID,NAME,CONTENT_TYPE_ID,CODENAME) values ('8','Can view permission','2','view_permission');
Insert into BUYBEE.AUTH_PERMISSION (ID,NAME,CONTENT_TYPE_ID,CODENAME) values ('9','Can add group','3','add_group');
Insert into BUYBEE.AUTH_PERMISSION (ID,NAME,CONTENT_TYPE_ID,CODENAME) values ('10','Can change group','3','change_group');
Insert into BUYBEE.AUTH_PERMISSION (ID,NAME,CONTENT_TYPE_ID,CODENAME) values ('11','Can delete group','3','delete_group');
Insert into BUYBEE.AUTH_PERMISSION (ID,NAME,CONTENT_TYPE_ID,CODENAME) values ('12','Can view group','3','view_group');
Insert into BUYBEE.AUTH_PERMISSION (ID,NAME,CONTENT_TYPE_ID,CODENAME) values ('13','Can add user','4','add_user');
Insert into BUYBEE.AUTH_PERMISSION (ID,NAME,CONTENT_TYPE_ID,CODENAME) values ('14','Can change user','4','change_user');
Insert into BUYBEE.AUTH_PERMISSION (ID,NAME,CONTENT_TYPE_ID,CODENAME) values ('15','Can delete user','4','delete_user');
Insert into BUYBEE.AUTH_PERMISSION (ID,NAME,CONTENT_TYPE_ID,CODENAME) values ('16','Can view user','4','view_user');
Insert into BUYBEE.AUTH_PERMISSION (ID,NAME,CONTENT_TYPE_ID,CODENAME) values ('17','Can add content type','5','add_contenttype');
Insert into BUYBEE.AUTH_PERMISSION (ID,NAME,CONTENT_TYPE_ID,CODENAME) values ('18','Can change content type','5','change_contenttype');
Insert into BUYBEE.AUTH_PERMISSION (ID,NAME,CONTENT_TYPE_ID,CODENAME) values ('19','Can delete content type','5','delete_contenttype');
Insert into BUYBEE.AUTH_PERMISSION (ID,NAME,CONTENT_TYPE_ID,CODENAME) values ('20','Can view content type','5','view_contenttype');
Insert into BUYBEE.AUTH_PERMISSION (ID,NAME,CONTENT_TYPE_ID,CODENAME) values ('21','Can add session','6','add_session');
Insert into BUYBEE.AUTH_PERMISSION (ID,NAME,CONTENT_TYPE_ID,CODENAME) values ('22','Can change session','6','change_session');
Insert into BUYBEE.AUTH_PERMISSION (ID,NAME,CONTENT_TYPE_ID,CODENAME) values ('23','Can delete session','6','delete_session');
Insert into BUYBEE.AUTH_PERMISSION (ID,NAME,CONTENT_TYPE_ID,CODENAME) values ('24','Can view session','6','view_session');
Insert into BUYBEE.AUTH_PERMISSION (ID,NAME,CONTENT_TYPE_ID,CODENAME) values ('25','Can add carrito','7','add_carrito');
Insert into BUYBEE.AUTH_PERMISSION (ID,NAME,CONTENT_TYPE_ID,CODENAME) values ('26','Can change carrito','7','change_carrito');
Insert into BUYBEE.AUTH_PERMISSION (ID,NAME,CONTENT_TYPE_ID,CODENAME) values ('27','Can delete carrito','7','delete_carrito');
Insert into BUYBEE.AUTH_PERMISSION (ID,NAME,CONTENT_TYPE_ID,CODENAME) values ('28','Can view carrito','7','view_carrito');
Insert into BUYBEE.AUTH_PERMISSION (ID,NAME,CONTENT_TYPE_ID,CODENAME) values ('29','Can add categoria','8','add_categoria');
Insert into BUYBEE.AUTH_PERMISSION (ID,NAME,CONTENT_TYPE_ID,CODENAME) values ('30','Can change categoria','8','change_categoria');
Insert into BUYBEE.AUTH_PERMISSION (ID,NAME,CONTENT_TYPE_ID,CODENAME) values ('31','Can delete categoria','8','delete_categoria');
Insert into BUYBEE.AUTH_PERMISSION (ID,NAME,CONTENT_TYPE_ID,CODENAME) values ('32','Can view categoria','8','view_categoria');
Insert into BUYBEE.AUTH_PERMISSION (ID,NAME,CONTENT_TYPE_ID,CODENAME) values ('33','Can add estado envio','9','add_estadoenvio');
Insert into BUYBEE.AUTH_PERMISSION (ID,NAME,CONTENT_TYPE_ID,CODENAME) values ('34','Can change estado envio','9','change_estadoenvio');
Insert into BUYBEE.AUTH_PERMISSION (ID,NAME,CONTENT_TYPE_ID,CODENAME) values ('35','Can delete estado envio','9','delete_estadoenvio');
Insert into BUYBEE.AUTH_PERMISSION (ID,NAME,CONTENT_TYPE_ID,CODENAME) values ('36','Can view estado envio','9','view_estadoenvio');
Insert into BUYBEE.AUTH_PERMISSION (ID,NAME,CONTENT_TYPE_ID,CODENAME) values ('37','Can add estado pedido','10','add_estadopedido');
Insert into BUYBEE.AUTH_PERMISSION (ID,NAME,CONTENT_TYPE_ID,CODENAME) values ('38','Can change estado pedido','10','change_estadopedido');
Insert into BUYBEE.AUTH_PERMISSION (ID,NAME,CONTENT_TYPE_ID,CODENAME) values ('39','Can delete estado pedido','10','delete_estadopedido');
Insert into BUYBEE.AUTH_PERMISSION (ID,NAME,CONTENT_TYPE_ID,CODENAME) values ('40','Can view estado pedido','10','view_estadopedido');
Insert into BUYBEE.AUTH_PERMISSION (ID,NAME,CONTENT_TYPE_ID,CODENAME) values ('41','Can add usuario','11','add_usuario');
Insert into BUYBEE.AUTH_PERMISSION (ID,NAME,CONTENT_TYPE_ID,CODENAME) values ('42','Can change usuario','11','change_usuario');
Insert into BUYBEE.AUTH_PERMISSION (ID,NAME,CONTENT_TYPE_ID,CODENAME) values ('43','Can delete usuario','11','delete_usuario');
Insert into BUYBEE.AUTH_PERMISSION (ID,NAME,CONTENT_TYPE_ID,CODENAME) values ('44','Can view usuario','11','view_usuario');
Insert into BUYBEE.AUTH_PERMISSION (ID,NAME,CONTENT_TYPE_ID,CODENAME) values ('45','Can add producto venta','12','add_productoventa');
Insert into BUYBEE.AUTH_PERMISSION (ID,NAME,CONTENT_TYPE_ID,CODENAME) values ('46','Can change producto venta','12','change_productoventa');
Insert into BUYBEE.AUTH_PERMISSION (ID,NAME,CONTENT_TYPE_ID,CODENAME) values ('47','Can delete producto venta','12','delete_productoventa');
Insert into BUYBEE.AUTH_PERMISSION (ID,NAME,CONTENT_TYPE_ID,CODENAME) values ('48','Can view producto venta','12','view_productoventa');
Insert into BUYBEE.AUTH_PERMISSION (ID,NAME,CONTENT_TYPE_ID,CODENAME) values ('49','Can add producto imagen','13','add_productoimagen');
Insert into BUYBEE.AUTH_PERMISSION (ID,NAME,CONTENT_TYPE_ID,CODENAME) values ('50','Can change producto imagen','13','change_productoimagen');
Insert into BUYBEE.AUTH_PERMISSION (ID,NAME,CONTENT_TYPE_ID,CODENAME) values ('51','Can delete producto imagen','13','delete_productoimagen');
Insert into BUYBEE.AUTH_PERMISSION (ID,NAME,CONTENT_TYPE_ID,CODENAME) values ('52','Can view producto imagen','13','view_productoimagen');
Insert into BUYBEE.AUTH_PERMISSION (ID,NAME,CONTENT_TYPE_ID,CODENAME) values ('53','Can add producto carrito','14','add_productocarrito');
Insert into BUYBEE.AUTH_PERMISSION (ID,NAME,CONTENT_TYPE_ID,CODENAME) values ('54','Can change producto carrito','14','change_productocarrito');
Insert into BUYBEE.AUTH_PERMISSION (ID,NAME,CONTENT_TYPE_ID,CODENAME) values ('55','Can delete producto carrito','14','delete_productocarrito');
Insert into BUYBEE.AUTH_PERMISSION (ID,NAME,CONTENT_TYPE_ID,CODENAME) values ('56','Can view producto carrito','14','view_productocarrito');
Insert into BUYBEE.AUTH_PERMISSION (ID,NAME,CONTENT_TYPE_ID,CODENAME) values ('57','Can add pedido','15','add_pedido');
Insert into BUYBEE.AUTH_PERMISSION (ID,NAME,CONTENT_TYPE_ID,CODENAME) values ('58','Can change pedido','15','change_pedido');
Insert into BUYBEE.AUTH_PERMISSION (ID,NAME,CONTENT_TYPE_ID,CODENAME) values ('59','Can delete pedido','15','delete_pedido');
Insert into BUYBEE.AUTH_PERMISSION (ID,NAME,CONTENT_TYPE_ID,CODENAME) values ('60','Can view pedido','15','view_pedido');
Insert into BUYBEE.AUTH_PERMISSION (ID,NAME,CONTENT_TYPE_ID,CODENAME) values ('61','Can add envio','16','add_envio');
Insert into BUYBEE.AUTH_PERMISSION (ID,NAME,CONTENT_TYPE_ID,CODENAME) values ('62','Can change envio','16','change_envio');
Insert into BUYBEE.AUTH_PERMISSION (ID,NAME,CONTENT_TYPE_ID,CODENAME) values ('63','Can delete envio','16','delete_envio');
Insert into BUYBEE.AUTH_PERMISSION (ID,NAME,CONTENT_TYPE_ID,CODENAME) values ('64','Can view envio','16','view_envio');
Insert into BUYBEE.AUTH_PERMISSION (ID,NAME,CONTENT_TYPE_ID,CODENAME) values ('65','Can add detalle pedido','17','add_detallepedido');
Insert into BUYBEE.AUTH_PERMISSION (ID,NAME,CONTENT_TYPE_ID,CODENAME) values ('66','Can change detalle pedido','17','change_detallepedido');
Insert into BUYBEE.AUTH_PERMISSION (ID,NAME,CONTENT_TYPE_ID,CODENAME) values ('67','Can delete detalle pedido','17','delete_detallepedido');
Insert into BUYBEE.AUTH_PERMISSION (ID,NAME,CONTENT_TYPE_ID,CODENAME) values ('68','Can view detalle pedido','17','view_detallepedido');
REM INSERTING into BUYBEE.AUTH_USER
SET DEFINE OFF;
Insert into BUYBEE.AUTH_USER (ID,PASSWORD,LAST_LOGIN,IS_SUPERUSER,USERNAME,FIRST_NAME,LAST_NAME,EMAIL,IS_STAFF,IS_ACTIVE,DATE_JOINED) values ('21','pbkdf2_sha256$320000$IQJ2gek8XDIBoPNXZkNAj0$sO8STtIU6btJDnIY4HpqkvEESPNtd1aXgdVqyTXgZxg=',to_timestamp('04-07-22 02.43.36.978578000 PM','DD-MM-RR HH.MI.SSXFF AM'),'0','Wacoldog',null,null,'wacoldo@gmail.com','0','1',to_timestamp('04-07-22 02.43.36.365966000 PM','DD-MM-RR HH.MI.SSXFF AM'));
Insert into BUYBEE.AUTH_USER (ID,PASSWORD,LAST_LOGIN,IS_SUPERUSER,USERNAME,FIRST_NAME,LAST_NAME,EMAIL,IS_STAFF,IS_ACTIVE,DATE_JOINED) values ('1','pbkdf2_sha256$320000$rDrjWBfbZt7wsFa5yvkC1U$Ca+RuzkUkwjVylfcSlvIbxX/QO/cH90LDnBbzrqJ8qk=',to_timestamp('06-07-22 07.59.05.907161000 PM','DD-MM-RR HH.MI.SSXFF AM'),'1','admin',null,null,null,'1','1',to_timestamp('26-06-22 03.37.34.837888000 AM','DD-MM-RR HH.MI.SSXFF AM'));
Insert into BUYBEE.AUTH_USER (ID,PASSWORD,LAST_LOGIN,IS_SUPERUSER,USERNAME,FIRST_NAME,LAST_NAME,EMAIL,IS_STAFF,IS_ACTIVE,DATE_JOINED) values ('3','pbkdf2_sha256$320000$0hSRS9s7jPyzvGo0Y6TnxT$KyKLr1cBfhNhK9AGx2/EtSlb4VdLoZxzCC00oxFxsCA=',to_timestamp('04-07-22 02.55.20.810199000 PM','DD-MM-RR HH.MI.SSXFF AM'),'0','Alexis',null,null,'alexis@gmail.com','0','1',to_timestamp('27-06-22 12.24.48.188893000 AM','DD-MM-RR HH.MI.SSXFF AM'));
Insert into BUYBEE.AUTH_USER (ID,PASSWORD,LAST_LOGIN,IS_SUPERUSER,USERNAME,FIRST_NAME,LAST_NAME,EMAIL,IS_STAFF,IS_ACTIVE,DATE_JOINED) values ('2','pbkdf2_sha256$320000$p6Y2ziVJ6jpmacs41rZkYt$T1DFjnlQergm8BCpmLzuzzh28MM13dN4+l9XDiDFleg=',to_timestamp('07-07-22 12.18.12.334513000 AM','DD-MM-RR HH.MI.SSXFF AM'),'1','Ariel',null,null,'redthelegendarytrainer@gmail.com','1','1',to_timestamp('26-06-22 03.41.50.000000000 AM','DD-MM-RR HH.MI.SSXFF AM'));
REM INSERTING into BUYBEE.AUTH_USER_GROUPS
SET DEFINE OFF;
REM INSERTING into BUYBEE.AUTH_USER_USER_PERMISSIONS
SET DEFINE OFF;
REM INSERTING into BUYBEE.BUYBEEAPP_CARRITO
SET DEFINE OFF;
Insert into BUYBEE.BUYBEEAPP_CARRITO (ID,TOTAL,CUPON,DUENIO_ID) values ('21','0',null,'115245326');
Insert into BUYBEE.BUYBEEAPP_CARRITO (ID,TOTAL,CUPON,DUENIO_ID) values ('2','0',null,'209197229');
Insert into BUYBEE.BUYBEEAPP_CARRITO (ID,TOTAL,CUPON,DUENIO_ID) values ('1','0',null,'209197219');
REM INSERTING into BUYBEE.BUYBEEAPP_CATEGORIA
SET DEFINE OFF;
Insert into BUYBEE.BUYBEEAPP_CATEGORIA (ID,NOMBRE,FOTO) values ('1','Cactáceas','categorias/cactaceo.jpg');
Insert into BUYBEE.BUYBEEAPP_CATEGORIA (ID,NOMBRE,FOTO) values ('2','Flores Hogareñas','categorias/flor-hogareñas.jpg');
Insert into BUYBEE.BUYBEEAPP_CATEGORIA (ID,NOMBRE,FOTO) values ('3','Flor Silvestre','categorias/flor-silvestre.jpg');
Insert into BUYBEE.BUYBEEAPP_CATEGORIA (ID,NOMBRE,FOTO) values ('4','Árbol Silvestre','categorias/arbol-silvestre.jpg');
Insert into BUYBEE.BUYBEEAPP_CATEGORIA (ID,NOMBRE,FOTO) values ('5','Árboles Frutales','categorias/arboles_frutales.jpg');
Insert into BUYBEE.BUYBEEAPP_CATEGORIA (ID,NOMBRE,FOTO) values ('6','Árboles Pequeños','categorias/arboles-pequeños.jpg');
Insert into BUYBEE.BUYBEEAPP_CATEGORIA (ID,NOMBRE,FOTO) values ('7','Hongos','categorias/hongos.jpg');
Insert into BUYBEE.BUYBEEAPP_CATEGORIA (ID,NOMBRE,FOTO) values ('8','Semillas','categorias/semillas.jpg');
REM INSERTING into BUYBEE.BUYBEEAPP_DETALLEPEDIDO
SET DEFINE OFF;
Insert into BUYBEE.BUYBEEAPP_DETALLEPEDIDO (ID,CANTIDAD,SUBTOTAL,PEDIDO_ID,PRODUCTO_ID) values ('41','1','6990','41','1');
Insert into BUYBEE.BUYBEEAPP_DETALLEPEDIDO (ID,CANTIDAD,SUBTOTAL,PEDIDO_ID,PRODUCTO_ID) values ('1','1','6990','1','1');
Insert into BUYBEE.BUYBEEAPP_DETALLEPEDIDO (ID,CANTIDAD,SUBTOTAL,PEDIDO_ID,PRODUCTO_ID) values ('2','1','4990','1','4');
Insert into BUYBEE.BUYBEEAPP_DETALLEPEDIDO (ID,CANTIDAD,SUBTOTAL,PEDIDO_ID,PRODUCTO_ID) values ('30','1','6990','29','1');
Insert into BUYBEE.BUYBEEAPP_DETALLEPEDIDO (ID,CANTIDAD,SUBTOTAL,PEDIDO_ID,PRODUCTO_ID) values ('31','1','4990','29','5');
Insert into BUYBEE.BUYBEEAPP_DETALLEPEDIDO (ID,CANTIDAD,SUBTOTAL,PEDIDO_ID,PRODUCTO_ID) values ('32','1','9990','30','2');
Insert into BUYBEE.BUYBEEAPP_DETALLEPEDIDO (ID,CANTIDAD,SUBTOTAL,PEDIDO_ID,PRODUCTO_ID) values ('28','1','4990','29','4');
Insert into BUYBEE.BUYBEEAPP_DETALLEPEDIDO (ID,CANTIDAD,SUBTOTAL,PEDIDO_ID,PRODUCTO_ID) values ('29','1','49990','29','6');
Insert into BUYBEE.BUYBEEAPP_DETALLEPEDIDO (ID,CANTIDAD,SUBTOTAL,PEDIDO_ID,PRODUCTO_ID) values ('33','1','19990','31','21');
REM INSERTING into BUYBEE.BUYBEEAPP_ENVIO
SET DEFINE OFF;
Insert into BUYBEE.BUYBEEAPP_ENVIO (ID,FECHA_EMISION,FECHA_ACTUALIZACION,COMPRADOR_ID,ESTADO_ID,PEDIDO_ID,VENDEDOR_ID) values ('41',to_date('04-07-22 00:00:00','DD-MM-RR HH24:MI:SS'),to_date('04-07-22 00:00:00','DD-MM-RR HH24:MI:SS'),'115245326','2','41','209197219');
Insert into BUYBEE.BUYBEEAPP_ENVIO (ID,FECHA_EMISION,FECHA_ACTUALIZACION,COMPRADOR_ID,ESTADO_ID,PEDIDO_ID,VENDEDOR_ID) values ('1',to_date('26-06-22 00:00:00','DD-MM-RR HH24:MI:SS'),to_date('26-06-22 00:00:00','DD-MM-RR HH24:MI:SS'),'209197229','2','1','209197219');
Insert into BUYBEE.BUYBEEAPP_ENVIO (ID,FECHA_EMISION,FECHA_ACTUALIZACION,COMPRADOR_ID,ESTADO_ID,PEDIDO_ID,VENDEDOR_ID) values ('2',to_date('26-06-22 00:00:00','DD-MM-RR HH24:MI:SS'),to_date('26-06-22 00:00:00','DD-MM-RR HH24:MI:SS'),'209197229','4','2','209197219');
Insert into BUYBEE.BUYBEEAPP_ENVIO (ID,FECHA_EMISION,FECHA_ACTUALIZACION,COMPRADOR_ID,ESTADO_ID,PEDIDO_ID,VENDEDOR_ID) values ('26',to_date('27-06-22 00:00:00','DD-MM-RR HH24:MI:SS'),to_date('27-06-22 00:00:00','DD-MM-RR HH24:MI:SS'),'209197229','2','30','209197219');
Insert into BUYBEE.BUYBEEAPP_ENVIO (ID,FECHA_EMISION,FECHA_ACTUALIZACION,COMPRADOR_ID,ESTADO_ID,PEDIDO_ID,VENDEDOR_ID) values ('27',to_date('27-06-22 00:00:00','DD-MM-RR HH24:MI:SS'),to_date('27-06-22 00:00:00','DD-MM-RR HH24:MI:SS'),'209197229','1','31','209197219');
Insert into BUYBEE.BUYBEEAPP_ENVIO (ID,FECHA_EMISION,FECHA_ACTUALIZACION,COMPRADOR_ID,ESTADO_ID,PEDIDO_ID,VENDEDOR_ID) values ('28',to_date('27-06-22 00:00:00','DD-MM-RR HH24:MI:SS'),to_date('27-06-22 00:00:00','DD-MM-RR HH24:MI:SS'),'209197229','3','32','209197219');
Insert into BUYBEE.BUYBEEAPP_ENVIO (ID,FECHA_EMISION,FECHA_ACTUALIZACION,COMPRADOR_ID,ESTADO_ID,PEDIDO_ID,VENDEDOR_ID) values ('24',to_date('27-06-22 00:00:00','DD-MM-RR HH24:MI:SS'),to_date('27-06-22 00:00:00','DD-MM-RR HH24:MI:SS'),'209197229','1','28','209197219');
Insert into BUYBEE.BUYBEEAPP_ENVIO (ID,FECHA_EMISION,FECHA_ACTUALIZACION,COMPRADOR_ID,ESTADO_ID,PEDIDO_ID,VENDEDOR_ID) values ('25',to_date('27-06-22 00:00:00','DD-MM-RR HH24:MI:SS'),to_date('27-06-22 00:00:00','DD-MM-RR HH24:MI:SS'),'209197229','1','29','209197219');
Insert into BUYBEE.BUYBEEAPP_ENVIO (ID,FECHA_EMISION,FECHA_ACTUALIZACION,COMPRADOR_ID,ESTADO_ID,PEDIDO_ID,VENDEDOR_ID) values ('29',to_date('27-06-22 00:00:00','DD-MM-RR HH24:MI:SS'),to_date('27-06-22 00:00:00','DD-MM-RR HH24:MI:SS'),'209197219','3','33','209197229');
REM INSERTING into BUYBEE.BUYBEEAPP_ESTADOENVIO
SET DEFINE OFF;
Insert into BUYBEE.BUYBEEAPP_ESTADOENVIO (ID,NOMBRE) values ('1','En espera');
Insert into BUYBEE.BUYBEEAPP_ESTADOENVIO (ID,NOMBRE) values ('2','Enviado');
Insert into BUYBEE.BUYBEEAPP_ESTADOENVIO (ID,NOMBRE) values ('3','Cancelado');
Insert into BUYBEE.BUYBEEAPP_ESTADOENVIO (ID,NOMBRE) values ('4','Recibido');
REM INSERTING into BUYBEE.BUYBEEAPP_ESTADOPEDIDO
SET DEFINE OFF;
Insert into BUYBEE.BUYBEEAPP_ESTADOPEDIDO (ID,NOMBRE) values ('1','Procesado');
Insert into BUYBEE.BUYBEEAPP_ESTADOPEDIDO (ID,NOMBRE) values ('2','Cancelado');
REM INSERTING into BUYBEE.BUYBEEAPP_PEDIDO
SET DEFINE OFF;
Insert into BUYBEE.BUYBEEAPP_PEDIDO (ID,FECHA,TOTAL,COMPRADOR_ID,ESTADO_ID) values ('41',to_date('04-07-22 00:00:00','DD-MM-RR HH24:MI:SS'),'6990','115245326','1');
Insert into BUYBEE.BUYBEEAPP_PEDIDO (ID,FECHA,TOTAL,COMPRADOR_ID,ESTADO_ID) values ('1',to_date('26-06-22 00:00:00','DD-MM-RR HH24:MI:SS'),'11980','209197229','1');
Insert into BUYBEE.BUYBEEAPP_PEDIDO (ID,FECHA,TOTAL,COMPRADOR_ID,ESTADO_ID) values ('30',to_date('27-06-22 00:00:00','DD-MM-RR HH24:MI:SS'),'9990','209197229','1');
Insert into BUYBEE.BUYBEEAPP_PEDIDO (ID,FECHA,TOTAL,COMPRADOR_ID,ESTADO_ID) values ('29',to_date('27-06-22 00:00:00','DD-MM-RR HH24:MI:SS'),'66960','209197229','1');
Insert into BUYBEE.BUYBEEAPP_PEDIDO (ID,FECHA,TOTAL,COMPRADOR_ID,ESTADO_ID) values ('31',to_date('27-06-22 00:00:00','DD-MM-RR HH24:MI:SS'),'19990','209197219','1');
REM INSERTING into BUYBEE.BUYBEEAPP_PRODUCTOCARRITO
SET DEFINE OFF;
REM INSERTING into BUYBEE.BUYBEEAPP_PRODUCTOIMAGEN
SET DEFINE OFF;
Insert into BUYBEE.BUYBEEAPP_PRODUCTOIMAGEN (ID,IMAGEN,PRODUCTO_ID) values ('3','productosImagenes/imagen_2022-05-26_233903520_9zJnpoB.png','1');
Insert into BUYBEE.BUYBEEAPP_PRODUCTOIMAGEN (ID,IMAGEN,PRODUCTO_ID) values ('4','productosImagenes/imagen_2022-05-27_184519356_lJ6y91K.png','1');
Insert into BUYBEE.BUYBEEAPP_PRODUCTOIMAGEN (ID,IMAGEN,PRODUCTO_ID) values ('5','productosImagenes/imagen_2022-05-27_184535584_RpnpwGp.png','1');
Insert into BUYBEE.BUYBEEAPP_PRODUCTOIMAGEN (ID,IMAGEN,PRODUCTO_ID) values ('6','productosImagenes/imagen_2022-05-27_184559772_vTPHaFH.png','1');
Insert into BUYBEE.BUYBEEAPP_PRODUCTOIMAGEN (ID,IMAGEN,PRODUCTO_ID) values ('7','productosImagenes/imagen_2022-05-26_234037289_7WIF1WO.png','2');
Insert into BUYBEE.BUYBEEAPP_PRODUCTOIMAGEN (ID,IMAGEN,PRODUCTO_ID) values ('9','productosImagenes/imagen_2022-05-31_182350025_WX93YHb.png','4');
Insert into BUYBEE.BUYBEEAPP_PRODUCTOIMAGEN (ID,IMAGEN,PRODUCTO_ID) values ('10','productosImagenes/imagen_2022-05-31_182400713_8ZKQuCh.png','4');
Insert into BUYBEE.BUYBEEAPP_PRODUCTOIMAGEN (ID,IMAGEN,PRODUCTO_ID) values ('11','productosImagenes/imagen_2022-05-31_182417228_b6X7NrZ.png','4');
Insert into BUYBEE.BUYBEEAPP_PRODUCTOIMAGEN (ID,IMAGEN,PRODUCTO_ID) values ('12','productosImagenes/imagen_2022-05-31_182215351_0TpqDFe.png','5');
Insert into BUYBEE.BUYBEEAPP_PRODUCTOIMAGEN (ID,IMAGEN,PRODUCTO_ID) values ('13','productosImagenes/imagen_2022-05-31_182231236_n60QelL.png','5');
Insert into BUYBEE.BUYBEEAPP_PRODUCTOIMAGEN (ID,IMAGEN,PRODUCTO_ID) values ('14','productosImagenes/imagen_2022-05-31_182242839_EVANVX2.png','5');
Insert into BUYBEE.BUYBEEAPP_PRODUCTOIMAGEN (ID,IMAGEN,PRODUCTO_ID) values ('21','productosImagenes/8a5629bb67aaf0bcd103a2aa12fcbaa2c8b632e3_original.jpeg','21');
Insert into BUYBEE.BUYBEEAPP_PRODUCTOIMAGEN (ID,IMAGEN,PRODUCTO_ID) values ('46','productosImagenes/c093586b774282f63a706740a447f32c.jpg','6');
Insert into BUYBEE.BUYBEEAPP_PRODUCTOIMAGEN (ID,IMAGEN,PRODUCTO_ID) values ('41','productosImagenes/hongo.jpg','3');
Insert into BUYBEE.BUYBEEAPP_PRODUCTOIMAGEN (ID,IMAGEN,PRODUCTO_ID) values ('42','productosImagenes/Amanita_muscaria_1_8692325426.jpg','3');
Insert into BUYBEE.BUYBEEAPP_PRODUCTOIMAGEN (ID,IMAGEN,PRODUCTO_ID) values ('43','productosImagenes/amanitamuscaria--1190x800.jpg','3');
Insert into BUYBEE.BUYBEEAPP_PRODUCTOIMAGEN (ID,IMAGEN,PRODUCTO_ID) values ('44','productosImagenes/arbol-de-naranja.png','6');
Insert into BUYBEE.BUYBEEAPP_PRODUCTOIMAGEN (ID,IMAGEN,PRODUCTO_ID) values ('45','productosImagenes/naranjas.jpg','6');
REM INSERTING into BUYBEE.BUYBEEAPP_PRODUCTOVENTA
SET DEFINE OFF;
Insert into BUYBEE.BUYBEEAPP_PRODUCTOVENTA (ID,NOMBRE,DESCRIPCION,PRECIO,STOCK,FECHA_PUBLICACION,VISTAS,COMPRAS,CATEGORIA_ID,VENDEDOR_ID) values ('1','Hongo Café','Ricos Hongos Cafés, perfectos para la preparación de comidas.','6990','38',to_date('26-06-22 00:00:00','DD-MM-RR HH24:MI:SS'),'27','1','7','209197219');
Insert into BUYBEE.BUYBEEAPP_PRODUCTOVENTA (ID,NOMBRE,DESCRIPCION,PRECIO,STOCK,FECHA_PUBLICACION,VISTAS,COMPRAS,CATEGORIA_ID,VENDEDOR_ID) values ('2','Hongo Marino','Rico hongo marino, extraído de la playa de Talcahuano.','9990','44',to_date('26-06-22 00:00:00','DD-MM-RR HH24:MI:SS'),'4','1','7','209197219');
Insert into BUYBEE.BUYBEEAPP_PRODUCTOVENTA (ID,NOMBRE,DESCRIPCION,PRECIO,STOCK,FECHA_PUBLICACION,VISTAS,COMPRAS,CATEGORIA_ID,VENDEDOR_ID) values ('3','Hongo Rojo','Rico hongo rojo, extraído de las profundidades del Bosque Tumbes.','49990','15',to_date('26-06-22 00:00:00','DD-MM-RR HH24:MI:SS'),'9','0','7','209197219');
Insert into BUYBEE.BUYBEEAPP_PRODUCTOVENTA (ID,NOMBRE,DESCRIPCION,PRECIO,STOCK,FECHA_PUBLICACION,VISTAS,COMPRAS,CATEGORIA_ID,VENDEDOR_ID) values ('4','Cactus','Lindo cactus pequeño, perfecto para adornar un living room.
Macetero no incluído.','4990','30',to_date('26-06-22 00:00:00','DD-MM-RR HH24:MI:SS'),'50','0','1','209197219');
Insert into BUYBEE.BUYBEEAPP_PRODUCTOVENTA (ID,NOMBRE,DESCRIPCION,PRECIO,STOCK,FECHA_PUBLICACION,VISTAS,COMPRAS,CATEGORIA_ID,VENDEDOR_ID) values ('5','Flor de Cactus','Linda flor de cactus, perfecto para adornar superficies.
Macetas no incluídas.','4990','39',to_date('26-06-22 00:00:00','DD-MM-RR HH24:MI:SS'),'10','0','1','209197219');
Insert into BUYBEE.BUYBEEAPP_PRODUCTOVENTA (ID,NOMBRE,DESCRIPCION,PRECIO,STOCK,FECHA_PUBLICACION,VISTAS,COMPRAS,CATEGORIA_ID,VENDEDOR_ID) values ('21','Bonsai Sakura','Lindo árbol Bonsai de Sakura. Es real y viene con su macetero e instrucciones de cuidado.','19990','39',to_date('27-06-22 00:00:00','DD-MM-RR HH24:MI:SS'),'10','1','6','209197229');
Insert into BUYBEE.BUYBEEAPP_PRODUCTOVENTA (ID,NOMBRE,DESCRIPCION,PRECIO,STOCK,FECHA_PUBLICACION,VISTAS,COMPRAS,CATEGORIA_ID,VENDEDOR_ID) values ('6','Naranjo Pequeño','Lindo árbol de naranjas pequeño, perfecto para comenzar a plantar.','49990','30',to_date('26-06-22 00:00:00','DD-MM-RR HH24:MI:SS'),'7','0','5','209197219');
REM INSERTING into BUYBEE.BUYBEEAPP_USUARIO
SET DEFINE OFF;
Insert into BUYBEE.BUYBEEAPP_USUARIO (RUT,NOMBREUSUARIO,NOMBRES,APELLIDOS,EMAIL,NUMERO,FOTO_PERFIL,SUSCRITO) values ('115245326','Wacoldog','Wacoldo Alejandro','Pérez Kur','wacoldo@gmail.com',null,'fotosPerfil/imagen_2022-07-04_104428396.png','0');
Insert into BUYBEE.BUYBEEAPP_USUARIO (RUT,NOMBREUSUARIO,NOMBRES,APELLIDOS,EMAIL,NUMERO,FOTO_PERFIL,SUSCRITO) values ('209197229','Alexis','Alexis Ariel','Silva Rivera','alexis@gmail.com',null,'fotosPerfil/imagen_2022-06-26_202618799.png','0');
Insert into BUYBEE.BUYBEEAPP_USUARIO (RUT,NOMBREUSUARIO,NOMBRES,APELLIDOS,EMAIL,NUMERO,FOTO_PERFIL,SUSCRITO) values ('209197219','Ariel','Ariel Alexis','Silva Rivera','redthelegendarytrainer@gmail.com',null,'fotosPerfil/imagen_2022-06-25_234217349.png','1');
REM INSERTING into BUYBEE.DJANGO_ADMIN_LOG
SET DEFINE OFF;
Insert into BUYBEE.DJANGO_ADMIN_LOG (ID,ACTION_TIME,OBJECT_REPR,ACTION_FLAG,CONTENT_TYPE_ID,USER_ID) values ('9',to_timestamp('27-06-22 12.52.59.686033000 AM','DD-MM-RR HH.MI.SSXFF AM'),'Procesado','1','10','1');
Insert into BUYBEE.DJANGO_ADMIN_LOG (ID,ACTION_TIME,OBJECT_REPR,ACTION_FLAG,CONTENT_TYPE_ID,USER_ID) values ('10',to_timestamp('27-06-22 12.53.07.424294000 AM','DD-MM-RR HH.MI.SSXFF AM'),'Cancelado','1','10','1');
Insert into BUYBEE.DJANGO_ADMIN_LOG (ID,ACTION_TIME,OBJECT_REPR,ACTION_FLAG,CONTENT_TYPE_ID,USER_ID) values ('11',to_timestamp('27-06-22 12.53.29.304248000 AM','DD-MM-RR HH.MI.SSXFF AM'),'En espera','1','9','1');
Insert into BUYBEE.DJANGO_ADMIN_LOG (ID,ACTION_TIME,OBJECT_REPR,ACTION_FLAG,CONTENT_TYPE_ID,USER_ID) values ('12',to_timestamp('27-06-22 12.57.27.576395000 AM','DD-MM-RR HH.MI.SSXFF AM'),'Rechazado','1','9','1');
Insert into BUYBEE.DJANGO_ADMIN_LOG (ID,ACTION_TIME,OBJECT_REPR,ACTION_FLAG,CONTENT_TYPE_ID,USER_ID) values ('13',to_timestamp('27-06-22 12.57.47.891388000 AM','DD-MM-RR HH.MI.SSXFF AM'),'Cancelado','1','9','1');
Insert into BUYBEE.DJANGO_ADMIN_LOG (ID,ACTION_TIME,OBJECT_REPR,ACTION_FLAG,CONTENT_TYPE_ID,USER_ID) values ('14',to_timestamp('27-06-22 12.57.55.844179000 AM','DD-MM-RR HH.MI.SSXFF AM'),'Enviado','2','9','1');
Insert into BUYBEE.DJANGO_ADMIN_LOG (ID,ACTION_TIME,OBJECT_REPR,ACTION_FLAG,CONTENT_TYPE_ID,USER_ID) values ('15',to_timestamp('27-06-22 12.58.00.659365000 AM','DD-MM-RR HH.MI.SSXFF AM'),'En destino','1','9','1');
Insert into BUYBEE.DJANGO_ADMIN_LOG (ID,ACTION_TIME,OBJECT_REPR,ACTION_FLAG,CONTENT_TYPE_ID,USER_ID) values ('16',to_timestamp('27-06-22 01.01.07.291327000 AM','DD-MM-RR HH.MI.SSXFF AM'),'1','1','15','1');
Insert into BUYBEE.DJANGO_ADMIN_LOG (ID,ACTION_TIME,OBJECT_REPR,ACTION_FLAG,CONTENT_TYPE_ID,USER_ID) values ('17',to_timestamp('27-06-22 01.01.41.087969000 AM','DD-MM-RR HH.MI.SSXFF AM'),'1','1','17','1');
Insert into BUYBEE.DJANGO_ADMIN_LOG (ID,ACTION_TIME,OBJECT_REPR,ACTION_FLAG,CONTENT_TYPE_ID,USER_ID) values ('18',to_timestamp('27-06-22 01.01.52.164920000 AM','DD-MM-RR HH.MI.SSXFF AM'),'6990','1','17','1');
Insert into BUYBEE.DJANGO_ADMIN_LOG (ID,ACTION_TIME,OBJECT_REPR,ACTION_FLAG,CONTENT_TYPE_ID,USER_ID) values ('19',to_timestamp('27-06-22 01.33.34.056291000 AM','DD-MM-RR HH.MI.SSXFF AM'),'1','1','16','1');
Insert into BUYBEE.DJANGO_ADMIN_LOG (ID,ACTION_TIME,OBJECT_REPR,ACTION_FLAG,CONTENT_TYPE_ID,USER_ID) values ('20',to_timestamp('27-06-22 01.33.42.251043000 AM','DD-MM-RR HH.MI.SSXFF AM'),'2','1','16','1');
Insert into BUYBEE.DJANGO_ADMIN_LOG (ID,ACTION_TIME,OBJECT_REPR,ACTION_FLAG,CONTENT_TYPE_ID,USER_ID) values ('21',to_timestamp('27-06-22 01.38.01.953530000 AM','DD-MM-RR HH.MI.SSXFF AM'),'Recibido','2','9','1');
Insert into BUYBEE.DJANGO_ADMIN_LOG (ID,ACTION_TIME,OBJECT_REPR,ACTION_FLAG,CONTENT_TYPE_ID,USER_ID) values ('1',to_timestamp('26-06-22 03.39.35.935275000 AM','DD-MM-RR HH.MI.SSXFF AM'),'Cactáceas','1','8','1');
Insert into BUYBEE.DJANGO_ADMIN_LOG (ID,ACTION_TIME,OBJECT_REPR,ACTION_FLAG,CONTENT_TYPE_ID,USER_ID) values ('2',to_timestamp('26-06-22 03.39.53.656080000 AM','DD-MM-RR HH.MI.SSXFF AM'),'Flores Hogareñas','1','8','1');
Insert into BUYBEE.DJANGO_ADMIN_LOG (ID,ACTION_TIME,OBJECT_REPR,ACTION_FLAG,CONTENT_TYPE_ID,USER_ID) values ('3',to_timestamp('26-06-22 03.40.08.466201000 AM','DD-MM-RR HH.MI.SSXFF AM'),'Flor Silvestre','1','8','1');
Insert into BUYBEE.DJANGO_ADMIN_LOG (ID,ACTION_TIME,OBJECT_REPR,ACTION_FLAG,CONTENT_TYPE_ID,USER_ID) values ('4',to_timestamp('26-06-22 03.40.21.286060000 AM','DD-MM-RR HH.MI.SSXFF AM'),'Árbol Silvestre','1','8','1');
Insert into BUYBEE.DJANGO_ADMIN_LOG (ID,ACTION_TIME,OBJECT_REPR,ACTION_FLAG,CONTENT_TYPE_ID,USER_ID) values ('5',to_timestamp('26-06-22 03.40.35.177509000 AM','DD-MM-RR HH.MI.SSXFF AM'),'Árboles Frutales','1','8','1');
Insert into BUYBEE.DJANGO_ADMIN_LOG (ID,ACTION_TIME,OBJECT_REPR,ACTION_FLAG,CONTENT_TYPE_ID,USER_ID) values ('6',to_timestamp('26-06-22 03.40.48.887730000 AM','DD-MM-RR HH.MI.SSXFF AM'),'Árboles Pequeños','1','8','1');
Insert into BUYBEE.DJANGO_ADMIN_LOG (ID,ACTION_TIME,OBJECT_REPR,ACTION_FLAG,CONTENT_TYPE_ID,USER_ID) values ('7',to_timestamp('26-06-22 03.40.59.266543000 AM','DD-MM-RR HH.MI.SSXFF AM'),'Hongos','1','8','1');
Insert into BUYBEE.DJANGO_ADMIN_LOG (ID,ACTION_TIME,OBJECT_REPR,ACTION_FLAG,CONTENT_TYPE_ID,USER_ID) values ('8',to_timestamp('26-06-22 03.41.08.315194000 AM','DD-MM-RR HH.MI.SSXFF AM'),'Semillas','1','8','1');
Insert into BUYBEE.DJANGO_ADMIN_LOG (ID,ACTION_TIME,OBJECT_REPR,ACTION_FLAG,CONTENT_TYPE_ID,USER_ID) values ('22',to_timestamp('27-06-22 04.23.14.862265000 AM','DD-MM-RR HH.MI.SSXFF AM'),'2','2','17','1');
Insert into BUYBEE.DJANGO_ADMIN_LOG (ID,ACTION_TIME,OBJECT_REPR,ACTION_FLAG,CONTENT_TYPE_ID,USER_ID) values ('23',to_timestamp('27-06-22 04.23.35.662309000 AM','DD-MM-RR HH.MI.SSXFF AM'),'2','2','17','1');
Insert into BUYBEE.DJANGO_ADMIN_LOG (ID,ACTION_TIME,OBJECT_REPR,ACTION_FLAG,CONTENT_TYPE_ID,USER_ID) values ('24',to_timestamp('27-06-22 04.23.40.771786000 AM','DD-MM-RR HH.MI.SSXFF AM'),'1','2','17','1');
Insert into BUYBEE.DJANGO_ADMIN_LOG (ID,ACTION_TIME,OBJECT_REPR,ACTION_FLAG,CONTENT_TYPE_ID,USER_ID) values ('25',to_timestamp('27-06-22 04.23.54.667040000 AM','DD-MM-RR HH.MI.SSXFF AM'),'2','2','17','1');
Insert into BUYBEE.DJANGO_ADMIN_LOG (ID,ACTION_TIME,OBJECT_REPR,ACTION_FLAG,CONTENT_TYPE_ID,USER_ID) values ('41',to_timestamp('06-07-22 08.02.17.057039000 PM','DD-MM-RR HH.MI.SSXFF AM'),'Ariel','2','4','1');
REM INSERTING into BUYBEE.DJANGO_CONTENT_TYPE
SET DEFINE OFF;
Insert into BUYBEE.DJANGO_CONTENT_TYPE (ID,APP_LABEL,MODEL) values ('1','admin','logentry');
Insert into BUYBEE.DJANGO_CONTENT_TYPE (ID,APP_LABEL,MODEL) values ('2','auth','permission');
Insert into BUYBEE.DJANGO_CONTENT_TYPE (ID,APP_LABEL,MODEL) values ('3','auth','group');
Insert into BUYBEE.DJANGO_CONTENT_TYPE (ID,APP_LABEL,MODEL) values ('4','auth','user');
Insert into BUYBEE.DJANGO_CONTENT_TYPE (ID,APP_LABEL,MODEL) values ('5','contenttypes','contenttype');
Insert into BUYBEE.DJANGO_CONTENT_TYPE (ID,APP_LABEL,MODEL) values ('6','sessions','session');
Insert into BUYBEE.DJANGO_CONTENT_TYPE (ID,APP_LABEL,MODEL) values ('7','BuyBeeApp','carrito');
Insert into BUYBEE.DJANGO_CONTENT_TYPE (ID,APP_LABEL,MODEL) values ('8','BuyBeeApp','categoria');
Insert into BUYBEE.DJANGO_CONTENT_TYPE (ID,APP_LABEL,MODEL) values ('9','BuyBeeApp','estadoenvio');
Insert into BUYBEE.DJANGO_CONTENT_TYPE (ID,APP_LABEL,MODEL) values ('10','BuyBeeApp','estadopedido');
Insert into BUYBEE.DJANGO_CONTENT_TYPE (ID,APP_LABEL,MODEL) values ('11','BuyBeeApp','usuario');
Insert into BUYBEE.DJANGO_CONTENT_TYPE (ID,APP_LABEL,MODEL) values ('12','BuyBeeApp','productoventa');
Insert into BUYBEE.DJANGO_CONTENT_TYPE (ID,APP_LABEL,MODEL) values ('13','BuyBeeApp','productoimagen');
Insert into BUYBEE.DJANGO_CONTENT_TYPE (ID,APP_LABEL,MODEL) values ('14','BuyBeeApp','productocarrito');
Insert into BUYBEE.DJANGO_CONTENT_TYPE (ID,APP_LABEL,MODEL) values ('15','BuyBeeApp','pedido');
Insert into BUYBEE.DJANGO_CONTENT_TYPE (ID,APP_LABEL,MODEL) values ('16','BuyBeeApp','envio');
Insert into BUYBEE.DJANGO_CONTENT_TYPE (ID,APP_LABEL,MODEL) values ('17','BuyBeeApp','detallepedido');
REM INSERTING into BUYBEE.DJANGO_MIGRATIONS
SET DEFINE OFF;
Insert into BUYBEE.DJANGO_MIGRATIONS (ID,APP,NAME,APPLIED) values ('1','BuyBeeApp','0001_initial',to_timestamp('26-06-22 03.35.14.949852000 AM','DD-MM-RR HH.MI.SSXFF AM'));
Insert into BUYBEE.DJANGO_MIGRATIONS (ID,APP,NAME,APPLIED) values ('2','BuyBeeApp','0002_alter_envio_pedido',to_timestamp('26-06-22 03.35.16.992190000 AM','DD-MM-RR HH.MI.SSXFF AM'));
Insert into BUYBEE.DJANGO_MIGRATIONS (ID,APP,NAME,APPLIED) values ('3','contenttypes','0001_initial',to_timestamp('26-06-22 03.35.17.035200000 AM','DD-MM-RR HH.MI.SSXFF AM'));
Insert into BUYBEE.DJANGO_MIGRATIONS (ID,APP,NAME,APPLIED) values ('4','auth','0001_initial',to_timestamp('26-06-22 03.35.17.557100000 AM','DD-MM-RR HH.MI.SSXFF AM'));
Insert into BUYBEE.DJANGO_MIGRATIONS (ID,APP,NAME,APPLIED) values ('5','admin','0001_initial',to_timestamp('26-06-22 03.35.17.912292000 AM','DD-MM-RR HH.MI.SSXFF AM'));
Insert into BUYBEE.DJANGO_MIGRATIONS (ID,APP,NAME,APPLIED) values ('6','admin','0002_logentry_remove_auto_add',to_timestamp('26-06-22 03.35.17.938298000 AM','DD-MM-RR HH.MI.SSXFF AM'));
Insert into BUYBEE.DJANGO_MIGRATIONS (ID,APP,NAME,APPLIED) values ('7','admin','0003_logentry_add_action_flag_choices',to_timestamp('26-06-22 03.35.17.964305000 AM','DD-MM-RR HH.MI.SSXFF AM'));
Insert into BUYBEE.DJANGO_MIGRATIONS (ID,APP,NAME,APPLIED) values ('8','contenttypes','0002_remove_content_type_name',to_timestamp('26-06-22 03.35.18.921280000 AM','DD-MM-RR HH.MI.SSXFF AM'));
Insert into BUYBEE.DJANGO_MIGRATIONS (ID,APP,NAME,APPLIED) values ('9','auth','0002_alter_permission_name_max_length',to_timestamp('26-06-22 03.35.19.015274000 AM','DD-MM-RR HH.MI.SSXFF AM'));
Insert into BUYBEE.DJANGO_MIGRATIONS (ID,APP,NAME,APPLIED) values ('10','auth','0003_alter_user_email_max_length',to_timestamp('26-06-22 03.35.19.050282000 AM','DD-MM-RR HH.MI.SSXFF AM'));
Insert into BUYBEE.DJANGO_MIGRATIONS (ID,APP,NAME,APPLIED) values ('11','auth','0004_alter_user_username_opts',to_timestamp('26-06-22 03.35.19.077288000 AM','DD-MM-RR HH.MI.SSXFF AM'));
Insert into BUYBEE.DJANGO_MIGRATIONS (ID,APP,NAME,APPLIED) values ('12','auth','0005_alter_user_last_login_null',to_timestamp('26-06-22 03.35.19.109299000 AM','DD-MM-RR HH.MI.SSXFF AM'));
Insert into BUYBEE.DJANGO_MIGRATIONS (ID,APP,NAME,APPLIED) values ('13','auth','0006_require_contenttypes_0002',to_timestamp('26-06-22 03.35.19.133328000 AM','DD-MM-RR HH.MI.SSXFF AM'));
Insert into BUYBEE.DJANGO_MIGRATIONS (ID,APP,NAME,APPLIED) values ('14','auth','0007_alter_validators_add_error_messages',to_timestamp('26-06-22 03.35.19.162335000 AM','DD-MM-RR HH.MI.SSXFF AM'));
Insert into BUYBEE.DJANGO_MIGRATIONS (ID,APP,NAME,APPLIED) values ('15','auth','0008_alter_user_username_max_length',to_timestamp('26-06-22 03.35.19.212395000 AM','DD-MM-RR HH.MI.SSXFF AM'));
Insert into BUYBEE.DJANGO_MIGRATIONS (ID,APP,NAME,APPLIED) values ('16','auth','0009_alter_user_last_name_max_length',to_timestamp('26-06-22 03.35.19.243402000 AM','DD-MM-RR HH.MI.SSXFF AM'));
Insert into BUYBEE.DJANGO_MIGRATIONS (ID,APP,NAME,APPLIED) values ('17','auth','0010_alter_group_name_max_length',to_timestamp('26-06-22 03.35.19.278410000 AM','DD-MM-RR HH.MI.SSXFF AM'));
Insert into BUYBEE.DJANGO_MIGRATIONS (ID,APP,NAME,APPLIED) values ('18','auth','0011_update_proxy_permissions',to_timestamp('26-06-22 03.35.19.309418000 AM','DD-MM-RR HH.MI.SSXFF AM'));
Insert into BUYBEE.DJANGO_MIGRATIONS (ID,APP,NAME,APPLIED) values ('19','auth','0012_alter_user_first_name_max_length',to_timestamp('26-06-22 03.35.19.340423000 AM','DD-MM-RR HH.MI.SSXFF AM'));
Insert into BUYBEE.DJANGO_MIGRATIONS (ID,APP,NAME,APPLIED) values ('20','sessions','0001_initial',to_timestamp('26-06-22 03.35.19.424276000 AM','DD-MM-RR HH.MI.SSXFF AM'));
Insert into BUYBEE.DJANGO_MIGRATIONS (ID,APP,NAME,APPLIED) values ('21','BuyBeeApp','0003_remove_detallepedido_producto_detallepedido_producto',to_timestamp('27-06-22 04.22.37.515191000 AM','DD-MM-RR HH.MI.SSXFF AM'));
REM INSERTING into BUYBEE.DJANGO_SESSION
SET DEFINE OFF;
Insert into BUYBEE.DJANGO_SESSION (SESSION_KEY,EXPIRE_DATE) values ('wlxrke4v6dzfx2hxxxsn81jlm13xhb8e',to_timestamp('21-07-22 12.18.12.335515000 AM','DD-MM-RR HH.MI.SSXFF AM'));
--------------------------------------------------------
--  DDL for Index AUTH_GROU_GROUP_ID__0CD325B0_U
--------------------------------------------------------

  CREATE UNIQUE INDEX "BUYBEE"."AUTH_GROU_GROUP_ID__0CD325B0_U" ON "BUYBEE"."AUTH_GROUP_PERMISSIONS" ("GROUP_ID", "PERMISSION_ID") 
  PCTFREE 10 INITRANS 2 MAXTRANS 255 COMPUTE STATISTICS 
  TABLESPACE "USERS" ;
--------------------------------------------------------
--  DDL for Index AUTH_PERM_CONTENT_T_01AB375A_U
--------------------------------------------------------

  CREATE UNIQUE INDEX "BUYBEE"."AUTH_PERM_CONTENT_T_01AB375A_U" ON "BUYBEE"."AUTH_PERMISSION" ("CONTENT_TYPE_ID", "CODENAME") 
  PCTFREE 10 INITRANS 2 MAXTRANS 255 COMPUTE STATISTICS 
  STORAGE(INITIAL 65536 NEXT 1048576 MINEXTENTS 1 MAXEXTENTS 2147483645
  PCTINCREASE 0 FREELISTS 1 FREELIST GROUPS 1
  BUFFER_POOL DEFAULT FLASH_CACHE DEFAULT CELL_FLASH_CACHE DEFAULT)
  TABLESPACE "USERS" ;
--------------------------------------------------------
--  DDL for Index AUTH_USER_USER_ID_G_94350C0C_U
--------------------------------------------------------

  CREATE UNIQUE INDEX "BUYBEE"."AUTH_USER_USER_ID_G_94350C0C_U" ON "BUYBEE"."AUTH_USER_GROUPS" ("USER_ID", "GROUP_ID") 
  PCTFREE 10 INITRANS 2 MAXTRANS 255 COMPUTE STATISTICS 
  TABLESPACE "USERS" ;
--------------------------------------------------------
--  DDL for Index AUTH_USER_USER_ID_P_14A6B632_U
--------------------------------------------------------

  CREATE UNIQUE INDEX "BUYBEE"."AUTH_USER_USER_ID_P_14A6B632_U" ON "BUYBEE"."AUTH_USER_USER_PERMISSIONS" ("USER_ID", "PERMISSION_ID") 
  PCTFREE 10 INITRANS 2 MAXTRANS 255 COMPUTE STATISTICS 
  TABLESPACE "USERS" ;
--------------------------------------------------------
--  DDL for Index DJANGO_CO_APP_LABEL_76BD3D3B_U
--------------------------------------------------------

  CREATE UNIQUE INDEX "BUYBEE"."DJANGO_CO_APP_LABEL_76BD3D3B_U" ON "BUYBEE"."DJANGO_CONTENT_TYPE" ("APP_LABEL", "MODEL") 
  PCTFREE 10 INITRANS 2 MAXTRANS 255 COMPUTE STATISTICS 
  STORAGE(INITIAL 65536 NEXT 1048576 MINEXTENTS 1 MAXEXTENTS 2147483645
  PCTINCREASE 0 FREELISTS 1 FREELIST GROUPS 1
  BUFFER_POOL DEFAULT FLASH_CACHE DEFAULT CELL_FLASH_CACHE DEFAULT)
  TABLESPACE "USERS" ;
--------------------------------------------------------
--  DDL for Index AUTH_USER__USER_ID_6A12ED8B
--------------------------------------------------------

  CREATE INDEX "BUYBEE"."AUTH_USER__USER_ID_6A12ED8B" ON "BUYBEE"."AUTH_USER_GROUPS" ("USER_ID") 
  PCTFREE 10 INITRANS 2 MAXTRANS 255 COMPUTE STATISTICS 
  TABLESPACE "USERS" ;
--------------------------------------------------------
--  DDL for Index AUTH_USER__PERMISSION_1FBB5F2C
--------------------------------------------------------

  CREATE INDEX "BUYBEE"."AUTH_USER__PERMISSION_1FBB5F2C" ON "BUYBEE"."AUTH_USER_USER_PERMISSIONS" ("PERMISSION_ID") 
  PCTFREE 10 INITRANS 2 MAXTRANS 255 COMPUTE STATISTICS 
  TABLESPACE "USERS" ;
--------------------------------------------------------
--  DDL for Index BUYBEEAPP__PEDIDO_ID_23DBC1E8
--------------------------------------------------------

  CREATE INDEX "BUYBEE"."BUYBEEAPP__PEDIDO_ID_23DBC1E8" ON "BUYBEE"."BUYBEEAPP_DETALLEPEDIDO" ("PEDIDO_ID") 
  PCTFREE 10 INITRANS 2 MAXTRANS 255 COMPUTE STATISTICS 
  STORAGE(INITIAL 65536 NEXT 1048576 MINEXTENTS 1 MAXEXTENTS 2147483645
  PCTINCREASE 0 FREELISTS 1 FREELIST GROUPS 1
  BUFFER_POOL DEFAULT FLASH_CACHE DEFAULT CELL_FLASH_CACHE DEFAULT)
  TABLESPACE "USERS" ;
--------------------------------------------------------
--  DDL for Index BUYBEEAPP__ESTADO_ID_56A340D6
--------------------------------------------------------

  CREATE INDEX "BUYBEE"."BUYBEEAPP__ESTADO_ID_56A340D6" ON "BUYBEE"."BUYBEEAPP_ENVIO" ("ESTADO_ID") 
  PCTFREE 10 INITRANS 2 MAXTRANS 255 COMPUTE STATISTICS 
  STORAGE(INITIAL 65536 NEXT 1048576 MINEXTENTS 1 MAXEXTENTS 2147483645
  PCTINCREASE 0 FREELISTS 1 FREELIST GROUPS 1
  BUFFER_POOL DEFAULT FLASH_CACHE DEFAULT CELL_FLASH_CACHE DEFAULT)
  TABLESPACE "USERS" ;
--------------------------------------------------------
--  DDL for Index AUTH_GROUP_GROUP_ID_B120CBF9
--------------------------------------------------------

  CREATE INDEX "BUYBEE"."AUTH_GROUP_GROUP_ID_B120CBF9" ON "BUYBEE"."AUTH_GROUP_PERMISSIONS" ("GROUP_ID") 
  PCTFREE 10 INITRANS 2 MAXTRANS 255 COMPUTE STATISTICS 
  TABLESPACE "USERS" ;
--------------------------------------------------------
--  DDL for Index BUYBEEAPP__DUENIO_ID_6A09A13C
--------------------------------------------------------

  CREATE INDEX "BUYBEE"."BUYBEEAPP__DUENIO_ID_6A09A13C" ON "BUYBEE"."BUYBEEAPP_CARRITO" ("DUENIO_ID") 
  PCTFREE 10 INITRANS 2 MAXTRANS 255 COMPUTE STATISTICS 
  STORAGE(INITIAL 65536 NEXT 1048576 MINEXTENTS 1 MAXEXTENTS 2147483645
  PCTINCREASE 0 FREELISTS 1 FREELIST GROUPS 1
  BUFFER_POOL DEFAULT FLASH_CACHE DEFAULT CELL_FLASH_CACHE DEFAULT)
  TABLESPACE "USERS" ;
--------------------------------------------------------
--  DDL for Index BUYBEEAPP__ESTADO_ID_D0D6E8B9
--------------------------------------------------------

  CREATE INDEX "BUYBEE"."BUYBEEAPP__ESTADO_ID_D0D6E8B9" ON "BUYBEE"."BUYBEEAPP_PEDIDO" ("ESTADO_ID") 
  PCTFREE 10 INITRANS 2 MAXTRANS 255 COMPUTE STATISTICS 
  STORAGE(INITIAL 65536 NEXT 1048576 MINEXTENTS 1 MAXEXTENTS 2147483645
  PCTINCREASE 0 FREELISTS 1 FREELIST GROUPS 1
  BUFFER_POOL DEFAULT FLASH_CACHE DEFAULT CELL_FLASH_CACHE DEFAULT)
  TABLESPACE "USERS" ;
--------------------------------------------------------
--  DDL for Index BUYBEEAPP__VENDEDOR_I_7939DAC0
--------------------------------------------------------

  CREATE INDEX "BUYBEE"."BUYBEEAPP__VENDEDOR_I_7939DAC0" ON "BUYBEE"."BUYBEEAPP_PRODUCTOVENTA" ("VENDEDOR_ID") 
  PCTFREE 10 INITRANS 2 MAXTRANS 255 COMPUTE STATISTICS 
  STORAGE(INITIAL 65536 NEXT 1048576 MINEXTENTS 1 MAXEXTENTS 2147483645
  PCTINCREASE 0 FREELISTS 1 FREELIST GROUPS 1
  BUFFER_POOL DEFAULT FLASH_CACHE DEFAULT CELL_FLASH_CACHE DEFAULT)
  TABLESPACE "USERS" ;
--------------------------------------------------------
--  DDL for Index BUYBEEAPP__COMPRADOR__222E9259
--------------------------------------------------------

  CREATE INDEX "BUYBEE"."BUYBEEAPP__COMPRADOR__222E9259" ON "BUYBEE"."BUYBEEAPP_ENVIO" ("COMPRADOR_ID") 
  PCTFREE 10 INITRANS 2 MAXTRANS 255 COMPUTE STATISTICS 
  STORAGE(INITIAL 65536 NEXT 1048576 MINEXTENTS 1 MAXEXTENTS 2147483645
  PCTINCREASE 0 FREELISTS 1 FREELIST GROUPS 1
  BUFFER_POOL DEFAULT FLASH_CACHE DEFAULT CELL_FLASH_CACHE DEFAULT)
  TABLESPACE "USERS" ;
--------------------------------------------------------
--  DDL for Index DJANGO_SES_EXPIRE_DAT_A5C62663
--------------------------------------------------------

  CREATE INDEX "BUYBEE"."DJANGO_SES_EXPIRE_DAT_A5C62663" ON "BUYBEE"."DJANGO_SESSION" ("EXPIRE_DATE") 
  PCTFREE 10 INITRANS 2 MAXTRANS 255 COMPUTE STATISTICS 
  STORAGE(INITIAL 65536 NEXT 1048576 MINEXTENTS 1 MAXEXTENTS 2147483645
  PCTINCREASE 0 FREELISTS 1 FREELIST GROUPS 1
  BUFFER_POOL DEFAULT FLASH_CACHE DEFAULT CELL_FLASH_CACHE DEFAULT)
  TABLESPACE "USERS" ;
--------------------------------------------------------
--  DDL for Index AUTH_USER__USER_ID_A95EAD1B
--------------------------------------------------------

  CREATE INDEX "BUYBEE"."AUTH_USER__USER_ID_A95EAD1B" ON "BUYBEE"."AUTH_USER_USER_PERMISSIONS" ("USER_ID") 
  PCTFREE 10 INITRANS 2 MAXTRANS 255 COMPUTE STATISTICS 
  TABLESPACE "USERS" ;
--------------------------------------------------------
--  DDL for Index BUYBEEAPP__PRODUCTO_I_2572621B
--------------------------------------------------------

  CREATE INDEX "BUYBEE"."BUYBEEAPP__PRODUCTO_I_2572621B" ON "BUYBEE"."BUYBEEAPP_DETALLEPEDIDO" ("PRODUCTO_ID") 
  PCTFREE 10 INITRANS 2 MAXTRANS 255 COMPUTE STATISTICS 
  STORAGE(INITIAL 65536 NEXT 1048576 MINEXTENTS 1 MAXEXTENTS 2147483645
  PCTINCREASE 0 FREELISTS 1 FREELIST GROUPS 1
  BUFFER_POOL DEFAULT FLASH_CACHE DEFAULT CELL_FLASH_CACHE DEFAULT)
  TABLESPACE "USERS" ;
--------------------------------------------------------
--  DDL for Index AUTH_USER__GROUP_ID_97559544
--------------------------------------------------------

  CREATE INDEX "BUYBEE"."AUTH_USER__GROUP_ID_97559544" ON "BUYBEE"."AUTH_USER_GROUPS" ("GROUP_ID") 
  PCTFREE 10 INITRANS 2 MAXTRANS 255 COMPUTE STATISTICS 
  TABLESPACE "USERS" ;
--------------------------------------------------------
--  DDL for Index BUYBEEAPP__CARRITO_ID_E91513D4
--------------------------------------------------------

  CREATE INDEX "BUYBEE"."BUYBEEAPP__CARRITO_ID_E91513D4" ON "BUYBEE"."BUYBEEAPP_PRODUCTOCARRITO" ("CARRITO_ID") 
  PCTFREE 10 INITRANS 2 MAXTRANS 255 COMPUTE STATISTICS 
  STORAGE(INITIAL 65536 NEXT 1048576 MINEXTENTS 1 MAXEXTENTS 2147483645
  PCTINCREASE 0 FREELISTS 1 FREELIST GROUPS 1
  BUFFER_POOL DEFAULT FLASH_CACHE DEFAULT CELL_FLASH_CACHE DEFAULT)
  TABLESPACE "USERS" ;
--------------------------------------------------------
--  DDL for Index BUYBEEAPP__PRODUCTO_I_61F79252
--------------------------------------------------------

  CREATE INDEX "BUYBEE"."BUYBEEAPP__PRODUCTO_I_61F79252" ON "BUYBEE"."BUYBEEAPP_PRODUCTOIMAGEN" ("PRODUCTO_ID") 
  PCTFREE 10 INITRANS 2 MAXTRANS 255 COMPUTE STATISTICS 
  STORAGE(INITIAL 65536 NEXT 1048576 MINEXTENTS 1 MAXEXTENTS 2147483645
  PCTINCREASE 0 FREELISTS 1 FREELIST GROUPS 1
  BUFFER_POOL DEFAULT FLASH_CACHE DEFAULT CELL_FLASH_CACHE DEFAULT)
  TABLESPACE "USERS" ;
--------------------------------------------------------
--  DDL for Index DJANGO_ADM_USER_ID_C564EBA6
--------------------------------------------------------

  CREATE INDEX "BUYBEE"."DJANGO_ADM_USER_ID_C564EBA6" ON "BUYBEE"."DJANGO_ADMIN_LOG" ("USER_ID") 
  PCTFREE 10 INITRANS 2 MAXTRANS 255 COMPUTE STATISTICS 
  STORAGE(INITIAL 65536 NEXT 1048576 MINEXTENTS 1 MAXEXTENTS 2147483645
  PCTINCREASE 0 FREELISTS 1 FREELIST GROUPS 1
  BUFFER_POOL DEFAULT FLASH_CACHE DEFAULT CELL_FLASH_CACHE DEFAULT)
  TABLESPACE "USERS" ;
--------------------------------------------------------
--  DDL for Index BUYBEEAPP__CATEGORIA__D6387532
--------------------------------------------------------

  CREATE INDEX "BUYBEE"."BUYBEEAPP__CATEGORIA__D6387532" ON "BUYBEE"."BUYBEEAPP_PRODUCTOVENTA" ("CATEGORIA_ID") 
  PCTFREE 10 INITRANS 2 MAXTRANS 255 COMPUTE STATISTICS 
  STORAGE(INITIAL 65536 NEXT 1048576 MINEXTENTS 1 MAXEXTENTS 2147483645
  PCTINCREASE 0 FREELISTS 1 FREELIST GROUPS 1
  BUFFER_POOL DEFAULT FLASH_CACHE DEFAULT CELL_FLASH_CACHE DEFAULT)
  TABLESPACE "USERS" ;
--------------------------------------------------------
--  DDL for Index BUYBEEAPP__COMPRADOR__ED6E583A
--------------------------------------------------------

  CREATE INDEX "BUYBEE"."BUYBEEAPP__COMPRADOR__ED6E583A" ON "BUYBEE"."BUYBEEAPP_PEDIDO" ("COMPRADOR_ID") 
  PCTFREE 10 INITRANS 2 MAXTRANS 255 COMPUTE STATISTICS 
  STORAGE(INITIAL 65536 NEXT 1048576 MINEXTENTS 1 MAXEXTENTS 2147483645
  PCTINCREASE 0 FREELISTS 1 FREELIST GROUPS 1
  BUFFER_POOL DEFAULT FLASH_CACHE DEFAULT CELL_FLASH_CACHE DEFAULT)
  TABLESPACE "USERS" ;
--------------------------------------------------------
--  DDL for Index BUYBEEAPP__VENDEDOR_I_98057E9E
--------------------------------------------------------

  CREATE INDEX "BUYBEE"."BUYBEEAPP__VENDEDOR_I_98057E9E" ON "BUYBEE"."BUYBEEAPP_ENVIO" ("VENDEDOR_ID") 
  PCTFREE 10 INITRANS 2 MAXTRANS 255 COMPUTE STATISTICS 
  STORAGE(INITIAL 65536 NEXT 1048576 MINEXTENTS 1 MAXEXTENTS 2147483645
  PCTINCREASE 0 FREELISTS 1 FREELIST GROUPS 1
  BUFFER_POOL DEFAULT FLASH_CACHE DEFAULT CELL_FLASH_CACHE DEFAULT)
  TABLESPACE "USERS" ;
--------------------------------------------------------
--  DDL for Index DJANGO_ADM_CONTENT_TY_C4BCE8EB
--------------------------------------------------------

  CREATE INDEX "BUYBEE"."DJANGO_ADM_CONTENT_TY_C4BCE8EB" ON "BUYBEE"."DJANGO_ADMIN_LOG" ("CONTENT_TYPE_ID") 
  PCTFREE 10 INITRANS 2 MAXTRANS 255 COMPUTE STATISTICS 
  STORAGE(INITIAL 65536 NEXT 1048576 MINEXTENTS 1 MAXEXTENTS 2147483645
  PCTINCREASE 0 FREELISTS 1 FREELIST GROUPS 1
  BUFFER_POOL DEFAULT FLASH_CACHE DEFAULT CELL_FLASH_CACHE DEFAULT)
  TABLESPACE "USERS" ;
--------------------------------------------------------
--  DDL for Index BUYBEEAPP__PEDIDO_ID_92C38D18
--------------------------------------------------------

  CREATE INDEX "BUYBEE"."BUYBEEAPP__PEDIDO_ID_92C38D18" ON "BUYBEE"."BUYBEEAPP_ENVIO" ("PEDIDO_ID") 
  PCTFREE 10 INITRANS 2 MAXTRANS 255 COMPUTE STATISTICS 
  STORAGE(INITIAL 65536 NEXT 1048576 MINEXTENTS 1 MAXEXTENTS 2147483645
  PCTINCREASE 0 FREELISTS 1 FREELIST GROUPS 1
  BUFFER_POOL DEFAULT FLASH_CACHE DEFAULT CELL_FLASH_CACHE DEFAULT)
  TABLESPACE "USERS" ;
--------------------------------------------------------
--  DDL for Index AUTH_GROUP_PERMISSION_84C5C92E
--------------------------------------------------------

  CREATE INDEX "BUYBEE"."AUTH_GROUP_PERMISSION_84C5C92E" ON "BUYBEE"."AUTH_GROUP_PERMISSIONS" ("PERMISSION_ID") 
  PCTFREE 10 INITRANS 2 MAXTRANS 255 COMPUTE STATISTICS 
  TABLESPACE "USERS" ;
--------------------------------------------------------
--  DDL for Index AUTH_PERMI_CONTENT_TY_2F476E4B
--------------------------------------------------------

  CREATE INDEX "BUYBEE"."AUTH_PERMI_CONTENT_TY_2F476E4B" ON "BUYBEE"."AUTH_PERMISSION" ("CONTENT_TYPE_ID") 
  PCTFREE 10 INITRANS 2 MAXTRANS 255 COMPUTE STATISTICS 
  STORAGE(INITIAL 65536 NEXT 1048576 MINEXTENTS 1 MAXEXTENTS 2147483645
  PCTINCREASE 0 FREELISTS 1 FREELIST GROUPS 1
  BUFFER_POOL DEFAULT FLASH_CACHE DEFAULT CELL_FLASH_CACHE DEFAULT)
  TABLESPACE "USERS" ;
--------------------------------------------------------
--  DDL for Index BUYBEEAPP__PRODUCTO_I_D152B643
--------------------------------------------------------

  CREATE INDEX "BUYBEE"."BUYBEEAPP__PRODUCTO_I_D152B643" ON "BUYBEE"."BUYBEEAPP_PRODUCTOCARRITO" ("PRODUCTO_ID") 
  PCTFREE 10 INITRANS 2 MAXTRANS 255 COMPUTE STATISTICS 
  STORAGE(INITIAL 65536 NEXT 1048576 MINEXTENTS 1 MAXEXTENTS 2147483645
  PCTINCREASE 0 FREELISTS 1 FREELIST GROUPS 1
  BUFFER_POOL DEFAULT FLASH_CACHE DEFAULT CELL_FLASH_CACHE DEFAULT)
  TABLESPACE "USERS" ;
--------------------------------------------------------
--  Constraints for Table DJANGO_MIGRATIONS
--------------------------------------------------------

  ALTER TABLE "BUYBEE"."DJANGO_MIGRATIONS" MODIFY ("ID" NOT NULL ENABLE);
  ALTER TABLE "BUYBEE"."DJANGO_MIGRATIONS" MODIFY ("APPLIED" NOT NULL ENABLE);
  ALTER TABLE "BUYBEE"."DJANGO_MIGRATIONS" ADD PRIMARY KEY ("ID")
  USING INDEX PCTFREE 10 INITRANS 2 MAXTRANS 255 COMPUTE STATISTICS 
  STORAGE(INITIAL 65536 NEXT 1048576 MINEXTENTS 1 MAXEXTENTS 2147483645
  PCTINCREASE 0 FREELISTS 1 FREELIST GROUPS 1
  BUFFER_POOL DEFAULT FLASH_CACHE DEFAULT CELL_FLASH_CACHE DEFAULT)
  TABLESPACE "USERS"  ENABLE;
--------------------------------------------------------
--  Constraints for Table AUTH_USER_GROUPS
--------------------------------------------------------

  ALTER TABLE "BUYBEE"."AUTH_USER_GROUPS" MODIFY ("ID" NOT NULL ENABLE);
  ALTER TABLE "BUYBEE"."AUTH_USER_GROUPS" MODIFY ("USER_ID" NOT NULL ENABLE);
  ALTER TABLE "BUYBEE"."AUTH_USER_GROUPS" MODIFY ("GROUP_ID" NOT NULL ENABLE);
  ALTER TABLE "BUYBEE"."AUTH_USER_GROUPS" ADD PRIMARY KEY ("ID")
  USING INDEX PCTFREE 10 INITRANS 2 MAXTRANS 255 COMPUTE STATISTICS 
  TABLESPACE "USERS"  ENABLE;
  ALTER TABLE "BUYBEE"."AUTH_USER_GROUPS" ADD CONSTRAINT "AUTH_USER_USER_ID_G_94350C0C_U" UNIQUE ("USER_ID", "GROUP_ID")
  USING INDEX PCTFREE 10 INITRANS 2 MAXTRANS 255 COMPUTE STATISTICS 
  TABLESPACE "USERS"  ENABLE;
--------------------------------------------------------
--  Constraints for Table AUTH_USER_USER_PERMISSIONS
--------------------------------------------------------

  ALTER TABLE "BUYBEE"."AUTH_USER_USER_PERMISSIONS" MODIFY ("ID" NOT NULL ENABLE);
  ALTER TABLE "BUYBEE"."AUTH_USER_USER_PERMISSIONS" MODIFY ("USER_ID" NOT NULL ENABLE);
  ALTER TABLE "BUYBEE"."AUTH_USER_USER_PERMISSIONS" MODIFY ("PERMISSION_ID" NOT NULL ENABLE);
  ALTER TABLE "BUYBEE"."AUTH_USER_USER_PERMISSIONS" ADD PRIMARY KEY ("ID")
  USING INDEX PCTFREE 10 INITRANS 2 MAXTRANS 255 COMPUTE STATISTICS 
  TABLESPACE "USERS"  ENABLE;
  ALTER TABLE "BUYBEE"."AUTH_USER_USER_PERMISSIONS" ADD CONSTRAINT "AUTH_USER_USER_ID_P_14A6B632_U" UNIQUE ("USER_ID", "PERMISSION_ID")
  USING INDEX PCTFREE 10 INITRANS 2 MAXTRANS 255 COMPUTE STATISTICS 
  TABLESPACE "USERS"  ENABLE;
--------------------------------------------------------
--  Constraints for Table BUYBEEAPP_ENVIO
--------------------------------------------------------

  ALTER TABLE "BUYBEE"."BUYBEEAPP_ENVIO" MODIFY ("ID" NOT NULL ENABLE);
  ALTER TABLE "BUYBEE"."BUYBEEAPP_ENVIO" MODIFY ("FECHA_EMISION" NOT NULL ENABLE);
  ALTER TABLE "BUYBEE"."BUYBEEAPP_ENVIO" MODIFY ("FECHA_ACTUALIZACION" NOT NULL ENABLE);
  ALTER TABLE "BUYBEE"."BUYBEEAPP_ENVIO" MODIFY ("COMPRADOR_ID" NOT NULL ENABLE);
  ALTER TABLE "BUYBEE"."BUYBEEAPP_ENVIO" MODIFY ("ESTADO_ID" NOT NULL ENABLE);
  ALTER TABLE "BUYBEE"."BUYBEEAPP_ENVIO" MODIFY ("PEDIDO_ID" NOT NULL ENABLE);
  ALTER TABLE "BUYBEE"."BUYBEEAPP_ENVIO" MODIFY ("VENDEDOR_ID" NOT NULL ENABLE);
  ALTER TABLE "BUYBEE"."BUYBEEAPP_ENVIO" ADD PRIMARY KEY ("ID")
  USING INDEX PCTFREE 10 INITRANS 2 MAXTRANS 255 COMPUTE STATISTICS 
  STORAGE(INITIAL 65536 NEXT 1048576 MINEXTENTS 1 MAXEXTENTS 2147483645
  PCTINCREASE 0 FREELISTS 1 FREELIST GROUPS 1
  BUFFER_POOL DEFAULT FLASH_CACHE DEFAULT CELL_FLASH_CACHE DEFAULT)
  TABLESPACE "USERS"  ENABLE;
--------------------------------------------------------
--  Constraints for Table AUTH_PERMISSION
--------------------------------------------------------

  ALTER TABLE "BUYBEE"."AUTH_PERMISSION" MODIFY ("ID" NOT NULL ENABLE);
  ALTER TABLE "BUYBEE"."AUTH_PERMISSION" MODIFY ("CONTENT_TYPE_ID" NOT NULL ENABLE);
  ALTER TABLE "BUYBEE"."AUTH_PERMISSION" ADD PRIMARY KEY ("ID")
  USING INDEX PCTFREE 10 INITRANS 2 MAXTRANS 255 COMPUTE STATISTICS 
  STORAGE(INITIAL 65536 NEXT 1048576 MINEXTENTS 1 MAXEXTENTS 2147483645
  PCTINCREASE 0 FREELISTS 1 FREELIST GROUPS 1
  BUFFER_POOL DEFAULT FLASH_CACHE DEFAULT CELL_FLASH_CACHE DEFAULT)
  TABLESPACE "USERS"  ENABLE;
  ALTER TABLE "BUYBEE"."AUTH_PERMISSION" ADD CONSTRAINT "AUTH_PERM_CONTENT_T_01AB375A_U" UNIQUE ("CONTENT_TYPE_ID", "CODENAME")
  USING INDEX PCTFREE 10 INITRANS 2 MAXTRANS 255 COMPUTE STATISTICS 
  STORAGE(INITIAL 65536 NEXT 1048576 MINEXTENTS 1 MAXEXTENTS 2147483645
  PCTINCREASE 0 FREELISTS 1 FREELIST GROUPS 1
  BUFFER_POOL DEFAULT FLASH_CACHE DEFAULT CELL_FLASH_CACHE DEFAULT)
  TABLESPACE "USERS"  ENABLE;
--------------------------------------------------------
--  Constraints for Table BUYBEEAPP_PRODUCTOCARRITO
--------------------------------------------------------

  ALTER TABLE "BUYBEE"."BUYBEEAPP_PRODUCTOCARRITO" MODIFY ("ID" NOT NULL ENABLE);
  ALTER TABLE "BUYBEE"."BUYBEEAPP_PRODUCTOCARRITO" MODIFY ("CANTIDAD" NOT NULL ENABLE);
  ALTER TABLE "BUYBEE"."BUYBEEAPP_PRODUCTOCARRITO" MODIFY ("CARRITO_ID" NOT NULL ENABLE);
  ALTER TABLE "BUYBEE"."BUYBEEAPP_PRODUCTOCARRITO" MODIFY ("PRODUCTO_ID" NOT NULL ENABLE);
  ALTER TABLE "BUYBEE"."BUYBEEAPP_PRODUCTOCARRITO" ADD PRIMARY KEY ("ID")
  USING INDEX PCTFREE 10 INITRANS 2 MAXTRANS 255 COMPUTE STATISTICS 
  STORAGE(INITIAL 65536 NEXT 1048576 MINEXTENTS 1 MAXEXTENTS 2147483645
  PCTINCREASE 0 FREELISTS 1 FREELIST GROUPS 1
  BUFFER_POOL DEFAULT FLASH_CACHE DEFAULT CELL_FLASH_CACHE DEFAULT)
  TABLESPACE "USERS"  ENABLE;
--------------------------------------------------------
--  Constraints for Table AUTH_USER
--------------------------------------------------------

  ALTER TABLE "BUYBEE"."AUTH_USER" MODIFY ("ID" NOT NULL ENABLE);
  ALTER TABLE "BUYBEE"."AUTH_USER" MODIFY ("IS_SUPERUSER" NOT NULL ENABLE);
  ALTER TABLE "BUYBEE"."AUTH_USER" MODIFY ("IS_STAFF" NOT NULL ENABLE);
  ALTER TABLE "BUYBEE"."AUTH_USER" MODIFY ("IS_ACTIVE" NOT NULL ENABLE);
  ALTER TABLE "BUYBEE"."AUTH_USER" MODIFY ("DATE_JOINED" NOT NULL ENABLE);
  ALTER TABLE "BUYBEE"."AUTH_USER" ADD CHECK ("IS_SUPERUSER" IN (0,1)) ENABLE;
  ALTER TABLE "BUYBEE"."AUTH_USER" ADD CHECK ("IS_STAFF" IN (0,1)) ENABLE;
  ALTER TABLE "BUYBEE"."AUTH_USER" ADD CHECK ("IS_ACTIVE" IN (0,1)) ENABLE;
  ALTER TABLE "BUYBEE"."AUTH_USER" ADD PRIMARY KEY ("ID")
  USING INDEX PCTFREE 10 INITRANS 2 MAXTRANS 255 COMPUTE STATISTICS 
  STORAGE(INITIAL 65536 NEXT 1048576 MINEXTENTS 1 MAXEXTENTS 2147483645
  PCTINCREASE 0 FREELISTS 1 FREELIST GROUPS 1
  BUFFER_POOL DEFAULT FLASH_CACHE DEFAULT CELL_FLASH_CACHE DEFAULT)
  TABLESPACE "USERS"  ENABLE;
  ALTER TABLE "BUYBEE"."AUTH_USER" ADD UNIQUE ("USERNAME")
  USING INDEX PCTFREE 10 INITRANS 2 MAXTRANS 255 COMPUTE STATISTICS 
  STORAGE(INITIAL 65536 NEXT 1048576 MINEXTENTS 1 MAXEXTENTS 2147483645
  PCTINCREASE 0 FREELISTS 1 FREELIST GROUPS 1
  BUFFER_POOL DEFAULT FLASH_CACHE DEFAULT CELL_FLASH_CACHE DEFAULT)
  TABLESPACE "USERS"  ENABLE;
--------------------------------------------------------
--  Constraints for Table BUYBEEAPP_PEDIDO
--------------------------------------------------------

  ALTER TABLE "BUYBEE"."BUYBEEAPP_PEDIDO" MODIFY ("ID" NOT NULL ENABLE);
  ALTER TABLE "BUYBEE"."BUYBEEAPP_PEDIDO" MODIFY ("FECHA" NOT NULL ENABLE);
  ALTER TABLE "BUYBEE"."BUYBEEAPP_PEDIDO" MODIFY ("TOTAL" NOT NULL ENABLE);
  ALTER TABLE "BUYBEE"."BUYBEEAPP_PEDIDO" MODIFY ("COMPRADOR_ID" NOT NULL ENABLE);
  ALTER TABLE "BUYBEE"."BUYBEEAPP_PEDIDO" MODIFY ("ESTADO_ID" NOT NULL ENABLE);
  ALTER TABLE "BUYBEE"."BUYBEEAPP_PEDIDO" ADD PRIMARY KEY ("ID")
  USING INDEX PCTFREE 10 INITRANS 2 MAXTRANS 255 COMPUTE STATISTICS 
  STORAGE(INITIAL 65536 NEXT 1048576 MINEXTENTS 1 MAXEXTENTS 2147483645
  PCTINCREASE 0 FREELISTS 1 FREELIST GROUPS 1
  BUFFER_POOL DEFAULT FLASH_CACHE DEFAULT CELL_FLASH_CACHE DEFAULT)
  TABLESPACE "USERS"  ENABLE;
--------------------------------------------------------
--  Constraints for Table BUYBEEAPP_PRODUCTOIMAGEN
--------------------------------------------------------

  ALTER TABLE "BUYBEE"."BUYBEEAPP_PRODUCTOIMAGEN" MODIFY ("ID" NOT NULL ENABLE);
  ALTER TABLE "BUYBEE"."BUYBEEAPP_PRODUCTOIMAGEN" MODIFY ("PRODUCTO_ID" NOT NULL ENABLE);
  ALTER TABLE "BUYBEE"."BUYBEEAPP_PRODUCTOIMAGEN" ADD PRIMARY KEY ("ID")
  USING INDEX PCTFREE 10 INITRANS 2 MAXTRANS 255 COMPUTE STATISTICS 
  STORAGE(INITIAL 65536 NEXT 1048576 MINEXTENTS 1 MAXEXTENTS 2147483645
  PCTINCREASE 0 FREELISTS 1 FREELIST GROUPS 1
  BUFFER_POOL DEFAULT FLASH_CACHE DEFAULT CELL_FLASH_CACHE DEFAULT)
  TABLESPACE "USERS"  ENABLE;
--------------------------------------------------------
--  Constraints for Table DJANGO_ADMIN_LOG
--------------------------------------------------------

  ALTER TABLE "BUYBEE"."DJANGO_ADMIN_LOG" MODIFY ("ID" NOT NULL ENABLE);
  ALTER TABLE "BUYBEE"."DJANGO_ADMIN_LOG" MODIFY ("ACTION_TIME" NOT NULL ENABLE);
  ALTER TABLE "BUYBEE"."DJANGO_ADMIN_LOG" MODIFY ("ACTION_FLAG" NOT NULL ENABLE);
  ALTER TABLE "BUYBEE"."DJANGO_ADMIN_LOG" MODIFY ("USER_ID" NOT NULL ENABLE);
  ALTER TABLE "BUYBEE"."DJANGO_ADMIN_LOG" ADD CHECK ("ACTION_FLAG" >= 0) ENABLE;
  ALTER TABLE "BUYBEE"."DJANGO_ADMIN_LOG" ADD PRIMARY KEY ("ID")
  USING INDEX PCTFREE 10 INITRANS 2 MAXTRANS 255 COMPUTE STATISTICS 
  STORAGE(INITIAL 65536 NEXT 1048576 MINEXTENTS 1 MAXEXTENTS 2147483645
  PCTINCREASE 0 FREELISTS 1 FREELIST GROUPS 1
  BUFFER_POOL DEFAULT FLASH_CACHE DEFAULT CELL_FLASH_CACHE DEFAULT)
  TABLESPACE "USERS"  ENABLE;
--------------------------------------------------------
--  Constraints for Table AUTH_GROUP_PERMISSIONS
--------------------------------------------------------

  ALTER TABLE "BUYBEE"."AUTH_GROUP_PERMISSIONS" MODIFY ("ID" NOT NULL ENABLE);
  ALTER TABLE "BUYBEE"."AUTH_GROUP_PERMISSIONS" MODIFY ("GROUP_ID" NOT NULL ENABLE);
  ALTER TABLE "BUYBEE"."AUTH_GROUP_PERMISSIONS" MODIFY ("PERMISSION_ID" NOT NULL ENABLE);
  ALTER TABLE "BUYBEE"."AUTH_GROUP_PERMISSIONS" ADD PRIMARY KEY ("ID")
  USING INDEX PCTFREE 10 INITRANS 2 MAXTRANS 255 COMPUTE STATISTICS 
  TABLESPACE "USERS"  ENABLE;
  ALTER TABLE "BUYBEE"."AUTH_GROUP_PERMISSIONS" ADD CONSTRAINT "AUTH_GROU_GROUP_ID__0CD325B0_U" UNIQUE ("GROUP_ID", "PERMISSION_ID")
  USING INDEX PCTFREE 10 INITRANS 2 MAXTRANS 255 COMPUTE STATISTICS 
  TABLESPACE "USERS"  ENABLE;
--------------------------------------------------------
--  Constraints for Table BUYBEEAPP_USUARIO
--------------------------------------------------------

  ALTER TABLE "BUYBEE"."BUYBEEAPP_USUARIO" MODIFY ("RUT" NOT NULL ENABLE);
  ALTER TABLE "BUYBEE"."BUYBEEAPP_USUARIO" MODIFY ("SUSCRITO" NOT NULL ENABLE);
  ALTER TABLE "BUYBEE"."BUYBEEAPP_USUARIO" ADD CHECK ("SUSCRITO" IN (0,1)) ENABLE;
  ALTER TABLE "BUYBEE"."BUYBEEAPP_USUARIO" ADD PRIMARY KEY ("RUT")
  USING INDEX PCTFREE 10 INITRANS 2 MAXTRANS 255 COMPUTE STATISTICS 
  STORAGE(INITIAL 65536 NEXT 1048576 MINEXTENTS 1 MAXEXTENTS 2147483645
  PCTINCREASE 0 FREELISTS 1 FREELIST GROUPS 1
  BUFFER_POOL DEFAULT FLASH_CACHE DEFAULT CELL_FLASH_CACHE DEFAULT)
  TABLESPACE "USERS"  ENABLE;
--------------------------------------------------------
--  Constraints for Table BUYBEEAPP_ESTADOENVIO
--------------------------------------------------------

  ALTER TABLE "BUYBEE"."BUYBEEAPP_ESTADOENVIO" MODIFY ("ID" NOT NULL ENABLE);
  ALTER TABLE "BUYBEE"."BUYBEEAPP_ESTADOENVIO" ADD PRIMARY KEY ("ID")
  USING INDEX PCTFREE 10 INITRANS 2 MAXTRANS 255 COMPUTE STATISTICS 
  STORAGE(INITIAL 65536 NEXT 1048576 MINEXTENTS 1 MAXEXTENTS 2147483645
  PCTINCREASE 0 FREELISTS 1 FREELIST GROUPS 1
  BUFFER_POOL DEFAULT FLASH_CACHE DEFAULT CELL_FLASH_CACHE DEFAULT)
  TABLESPACE "USERS"  ENABLE;
--------------------------------------------------------
--  Constraints for Table BUYBEEAPP_DETALLEPEDIDO
--------------------------------------------------------

  ALTER TABLE "BUYBEE"."BUYBEEAPP_DETALLEPEDIDO" MODIFY ("ID" NOT NULL ENABLE);
  ALTER TABLE "BUYBEE"."BUYBEEAPP_DETALLEPEDIDO" MODIFY ("CANTIDAD" NOT NULL ENABLE);
  ALTER TABLE "BUYBEE"."BUYBEEAPP_DETALLEPEDIDO" MODIFY ("SUBTOTAL" NOT NULL ENABLE);
  ALTER TABLE "BUYBEE"."BUYBEEAPP_DETALLEPEDIDO" MODIFY ("PEDIDO_ID" NOT NULL ENABLE);
  ALTER TABLE "BUYBEE"."BUYBEEAPP_DETALLEPEDIDO" ADD PRIMARY KEY ("ID")
  USING INDEX PCTFREE 10 INITRANS 2 MAXTRANS 255 COMPUTE STATISTICS 
  STORAGE(INITIAL 65536 NEXT 1048576 MINEXTENTS 1 MAXEXTENTS 2147483645
  PCTINCREASE 0 FREELISTS 1 FREELIST GROUPS 1
  BUFFER_POOL DEFAULT FLASH_CACHE DEFAULT CELL_FLASH_CACHE DEFAULT)
  TABLESPACE "USERS"  ENABLE;
  ALTER TABLE "BUYBEE"."BUYBEEAPP_DETALLEPEDIDO" MODIFY ("PRODUCTO_ID" NOT NULL ENABLE);
--------------------------------------------------------
--  Constraints for Table BUYBEEAPP_PRODUCTOVENTA
--------------------------------------------------------

  ALTER TABLE "BUYBEE"."BUYBEEAPP_PRODUCTOVENTA" MODIFY ("ID" NOT NULL ENABLE);
  ALTER TABLE "BUYBEE"."BUYBEEAPP_PRODUCTOVENTA" MODIFY ("PRECIO" NOT NULL ENABLE);
  ALTER TABLE "BUYBEE"."BUYBEEAPP_PRODUCTOVENTA" MODIFY ("STOCK" NOT NULL ENABLE);
  ALTER TABLE "BUYBEE"."BUYBEEAPP_PRODUCTOVENTA" MODIFY ("FECHA_PUBLICACION" NOT NULL ENABLE);
  ALTER TABLE "BUYBEE"."BUYBEEAPP_PRODUCTOVENTA" MODIFY ("VISTAS" NOT NULL ENABLE);
  ALTER TABLE "BUYBEE"."BUYBEEAPP_PRODUCTOVENTA" MODIFY ("COMPRAS" NOT NULL ENABLE);
  ALTER TABLE "BUYBEE"."BUYBEEAPP_PRODUCTOVENTA" MODIFY ("CATEGORIA_ID" NOT NULL ENABLE);
  ALTER TABLE "BUYBEE"."BUYBEEAPP_PRODUCTOVENTA" MODIFY ("VENDEDOR_ID" NOT NULL ENABLE);
  ALTER TABLE "BUYBEE"."BUYBEEAPP_PRODUCTOVENTA" ADD PRIMARY KEY ("ID")
  USING INDEX PCTFREE 10 INITRANS 2 MAXTRANS 255 COMPUTE STATISTICS 
  STORAGE(INITIAL 65536 NEXT 1048576 MINEXTENTS 1 MAXEXTENTS 2147483645
  PCTINCREASE 0 FREELISTS 1 FREELIST GROUPS 1
  BUFFER_POOL DEFAULT FLASH_CACHE DEFAULT CELL_FLASH_CACHE DEFAULT)
  TABLESPACE "USERS"  ENABLE;
--------------------------------------------------------
--  Constraints for Table BUYBEEAPP_CARRITO
--------------------------------------------------------

  ALTER TABLE "BUYBEE"."BUYBEEAPP_CARRITO" MODIFY ("ID" NOT NULL ENABLE);
  ALTER TABLE "BUYBEE"."BUYBEEAPP_CARRITO" MODIFY ("TOTAL" NOT NULL ENABLE);
  ALTER TABLE "BUYBEE"."BUYBEEAPP_CARRITO" ADD PRIMARY KEY ("ID")
  USING INDEX PCTFREE 10 INITRANS 2 MAXTRANS 255 COMPUTE STATISTICS 
  STORAGE(INITIAL 65536 NEXT 1048576 MINEXTENTS 1 MAXEXTENTS 2147483645
  PCTINCREASE 0 FREELISTS 1 FREELIST GROUPS 1
  BUFFER_POOL DEFAULT FLASH_CACHE DEFAULT CELL_FLASH_CACHE DEFAULT)
  TABLESPACE "USERS"  ENABLE;
  ALTER TABLE "BUYBEE"."BUYBEEAPP_CARRITO" MODIFY ("DUENIO_ID" NOT NULL ENABLE);
--------------------------------------------------------
--  Constraints for Table BUYBEEAPP_CATEGORIA
--------------------------------------------------------

  ALTER TABLE "BUYBEE"."BUYBEEAPP_CATEGORIA" MODIFY ("ID" NOT NULL ENABLE);
  ALTER TABLE "BUYBEE"."BUYBEEAPP_CATEGORIA" ADD PRIMARY KEY ("ID")
  USING INDEX PCTFREE 10 INITRANS 2 MAXTRANS 255 COMPUTE STATISTICS 
  STORAGE(INITIAL 65536 NEXT 1048576 MINEXTENTS 1 MAXEXTENTS 2147483645
  PCTINCREASE 0 FREELISTS 1 FREELIST GROUPS 1
  BUFFER_POOL DEFAULT FLASH_CACHE DEFAULT CELL_FLASH_CACHE DEFAULT)
  TABLESPACE "USERS"  ENABLE;
--------------------------------------------------------
--  Constraints for Table DJANGO_CONTENT_TYPE
--------------------------------------------------------

  ALTER TABLE "BUYBEE"."DJANGO_CONTENT_TYPE" MODIFY ("ID" NOT NULL ENABLE);
  ALTER TABLE "BUYBEE"."DJANGO_CONTENT_TYPE" ADD PRIMARY KEY ("ID")
  USING INDEX PCTFREE 10 INITRANS 2 MAXTRANS 255 COMPUTE STATISTICS 
  STORAGE(INITIAL 65536 NEXT 1048576 MINEXTENTS 1 MAXEXTENTS 2147483645
  PCTINCREASE 0 FREELISTS 1 FREELIST GROUPS 1
  BUFFER_POOL DEFAULT FLASH_CACHE DEFAULT CELL_FLASH_CACHE DEFAULT)
  TABLESPACE "USERS"  ENABLE;
  ALTER TABLE "BUYBEE"."DJANGO_CONTENT_TYPE" ADD CONSTRAINT "DJANGO_CO_APP_LABEL_76BD3D3B_U" UNIQUE ("APP_LABEL", "MODEL")
  USING INDEX PCTFREE 10 INITRANS 2 MAXTRANS 255 COMPUTE STATISTICS 
  STORAGE(INITIAL 65536 NEXT 1048576 MINEXTENTS 1 MAXEXTENTS 2147483645
  PCTINCREASE 0 FREELISTS 1 FREELIST GROUPS 1
  BUFFER_POOL DEFAULT FLASH_CACHE DEFAULT CELL_FLASH_CACHE DEFAULT)
  TABLESPACE "USERS"  ENABLE;
--------------------------------------------------------
--  Constraints for Table AUTH_GROUP
--------------------------------------------------------

  ALTER TABLE "BUYBEE"."AUTH_GROUP" MODIFY ("ID" NOT NULL ENABLE);
  ALTER TABLE "BUYBEE"."AUTH_GROUP" ADD PRIMARY KEY ("ID")
  USING INDEX PCTFREE 10 INITRANS 2 MAXTRANS 255 COMPUTE STATISTICS 
  TABLESPACE "USERS"  ENABLE;
  ALTER TABLE "BUYBEE"."AUTH_GROUP" ADD UNIQUE ("NAME")
  USING INDEX PCTFREE 10 INITRANS 2 MAXTRANS 255 COMPUTE STATISTICS 
  TABLESPACE "USERS"  ENABLE;
--------------------------------------------------------
--  Constraints for Table BUYBEEAPP_ESTADOPEDIDO
--------------------------------------------------------

  ALTER TABLE "BUYBEE"."BUYBEEAPP_ESTADOPEDIDO" MODIFY ("ID" NOT NULL ENABLE);
  ALTER TABLE "BUYBEE"."BUYBEEAPP_ESTADOPEDIDO" ADD PRIMARY KEY ("ID")
  USING INDEX PCTFREE 10 INITRANS 2 MAXTRANS 255 COMPUTE STATISTICS 
  STORAGE(INITIAL 65536 NEXT 1048576 MINEXTENTS 1 MAXEXTENTS 2147483645
  PCTINCREASE 0 FREELISTS 1 FREELIST GROUPS 1
  BUFFER_POOL DEFAULT FLASH_CACHE DEFAULT CELL_FLASH_CACHE DEFAULT)
  TABLESPACE "USERS"  ENABLE;
--------------------------------------------------------
--  Constraints for Table DJANGO_SESSION
--------------------------------------------------------

  ALTER TABLE "BUYBEE"."DJANGO_SESSION" MODIFY ("SESSION_KEY" NOT NULL ENABLE);
  ALTER TABLE "BUYBEE"."DJANGO_SESSION" MODIFY ("EXPIRE_DATE" NOT NULL ENABLE);
  ALTER TABLE "BUYBEE"."DJANGO_SESSION" ADD PRIMARY KEY ("SESSION_KEY")
  USING INDEX PCTFREE 10 INITRANS 2 MAXTRANS 255 COMPUTE STATISTICS 
  STORAGE(INITIAL 65536 NEXT 1048576 MINEXTENTS 1 MAXEXTENTS 2147483645
  PCTINCREASE 0 FREELISTS 1 FREELIST GROUPS 1
  BUFFER_POOL DEFAULT FLASH_CACHE DEFAULT CELL_FLASH_CACHE DEFAULT)
  TABLESPACE "USERS"  ENABLE;
--------------------------------------------------------
--  Ref Constraints for Table AUTH_GROUP_PERMISSIONS
--------------------------------------------------------

  ALTER TABLE "BUYBEE"."AUTH_GROUP_PERMISSIONS" ADD CONSTRAINT "AUTH_GROU_GROUP_ID_B120CBF9_F" FOREIGN KEY ("GROUP_ID")
	  REFERENCES "BUYBEE"."AUTH_GROUP" ("ID") DEFERRABLE INITIALLY DEFERRED ENABLE;
  ALTER TABLE "BUYBEE"."AUTH_GROUP_PERMISSIONS" ADD CONSTRAINT "AUTH_GROU_PERMISSIO_84C5C92E_F" FOREIGN KEY ("PERMISSION_ID")
	  REFERENCES "BUYBEE"."AUTH_PERMISSION" ("ID") DEFERRABLE INITIALLY DEFERRED ENABLE;
--------------------------------------------------------
--  Ref Constraints for Table AUTH_PERMISSION
--------------------------------------------------------

  ALTER TABLE "BUYBEE"."AUTH_PERMISSION" ADD CONSTRAINT "AUTH_PERM_CONTENT_T_2F476E4B_F" FOREIGN KEY ("CONTENT_TYPE_ID")
	  REFERENCES "BUYBEE"."DJANGO_CONTENT_TYPE" ("ID") DEFERRABLE INITIALLY DEFERRED ENABLE;
--------------------------------------------------------
--  Ref Constraints for Table AUTH_USER_GROUPS
--------------------------------------------------------

  ALTER TABLE "BUYBEE"."AUTH_USER_GROUPS" ADD CONSTRAINT "AUTH_USER_USER_ID_6A12ED8B_F" FOREIGN KEY ("USER_ID")
	  REFERENCES "BUYBEE"."AUTH_USER" ("ID") DEFERRABLE INITIALLY DEFERRED ENABLE;
  ALTER TABLE "BUYBEE"."AUTH_USER_GROUPS" ADD CONSTRAINT "AUTH_USER_GROUP_ID_97559544_F" FOREIGN KEY ("GROUP_ID")
	  REFERENCES "BUYBEE"."AUTH_GROUP" ("ID") DEFERRABLE INITIALLY DEFERRED ENABLE;
--------------------------------------------------------
--  Ref Constraints for Table AUTH_USER_USER_PERMISSIONS
--------------------------------------------------------

  ALTER TABLE "BUYBEE"."AUTH_USER_USER_PERMISSIONS" ADD CONSTRAINT "AUTH_USER_USER_ID_A95EAD1B_F" FOREIGN KEY ("USER_ID")
	  REFERENCES "BUYBEE"."AUTH_USER" ("ID") DEFERRABLE INITIALLY DEFERRED ENABLE;
  ALTER TABLE "BUYBEE"."AUTH_USER_USER_PERMISSIONS" ADD CONSTRAINT "AUTH_USER_PERMISSIO_1FBB5F2C_F" FOREIGN KEY ("PERMISSION_ID")
	  REFERENCES "BUYBEE"."AUTH_PERMISSION" ("ID") DEFERRABLE INITIALLY DEFERRED ENABLE;
--------------------------------------------------------
--  Ref Constraints for Table BUYBEEAPP_CARRITO
--------------------------------------------------------

  ALTER TABLE "BUYBEE"."BUYBEEAPP_CARRITO" ADD CONSTRAINT "BUYBEEAPP_DUENIO_ID_6A09A13C_F" FOREIGN KEY ("DUENIO_ID")
	  REFERENCES "BUYBEE"."BUYBEEAPP_USUARIO" ("RUT") DEFERRABLE INITIALLY DEFERRED ENABLE;
--------------------------------------------------------
--  Ref Constraints for Table BUYBEEAPP_DETALLEPEDIDO
--------------------------------------------------------

  ALTER TABLE "BUYBEE"."BUYBEEAPP_DETALLEPEDIDO" ADD CONSTRAINT "BUYBEEAPP_PEDIDO_ID_23DBC1E8_F" FOREIGN KEY ("PEDIDO_ID")
	  REFERENCES "BUYBEE"."BUYBEEAPP_PEDIDO" ("ID") DEFERRABLE INITIALLY DEFERRED ENABLE;
  ALTER TABLE "BUYBEE"."BUYBEEAPP_DETALLEPEDIDO" ADD CONSTRAINT "BUYBEEAPP_PRODUCTO__2572621B_F" FOREIGN KEY ("PRODUCTO_ID")
	  REFERENCES "BUYBEE"."BUYBEEAPP_PRODUCTOVENTA" ("ID") DEFERRABLE INITIALLY DEFERRED ENABLE;
--------------------------------------------------------
--  Ref Constraints for Table BUYBEEAPP_ENVIO
--------------------------------------------------------

  ALTER TABLE "BUYBEE"."BUYBEEAPP_ENVIO" ADD CONSTRAINT "BUYBEEAPP_COMPRADOR_222E9259_F" FOREIGN KEY ("COMPRADOR_ID")
	  REFERENCES "BUYBEE"."BUYBEEAPP_USUARIO" ("RUT") DEFERRABLE INITIALLY DEFERRED ENABLE;
  ALTER TABLE "BUYBEE"."BUYBEEAPP_ENVIO" ADD CONSTRAINT "BUYBEEAPP_ESTADO_ID_56A340D6_F" FOREIGN KEY ("ESTADO_ID")
	  REFERENCES "BUYBEE"."BUYBEEAPP_ESTADOENVIO" ("ID") DEFERRABLE INITIALLY DEFERRED ENABLE;
  ALTER TABLE "BUYBEE"."BUYBEEAPP_ENVIO" ADD CONSTRAINT "BUYBEEAPP_PEDIDO_ID_92C38D18_F" FOREIGN KEY ("PEDIDO_ID")
	  REFERENCES "BUYBEE"."BUYBEEAPP_DETALLEPEDIDO" ("ID") DEFERRABLE INITIALLY DEFERRED ENABLE;
  ALTER TABLE "BUYBEE"."BUYBEEAPP_ENVIO" ADD CONSTRAINT "BUYBEEAPP_VENDEDOR__98057E9E_F" FOREIGN KEY ("VENDEDOR_ID")
	  REFERENCES "BUYBEE"."BUYBEEAPP_USUARIO" ("RUT") DEFERRABLE INITIALLY DEFERRED ENABLE;
--------------------------------------------------------
--  Ref Constraints for Table BUYBEEAPP_PEDIDO
--------------------------------------------------------

  ALTER TABLE "BUYBEE"."BUYBEEAPP_PEDIDO" ADD CONSTRAINT "BUYBEEAPP_COMPRADOR_ED6E583A_F" FOREIGN KEY ("COMPRADOR_ID")
	  REFERENCES "BUYBEE"."BUYBEEAPP_USUARIO" ("RUT") DEFERRABLE INITIALLY DEFERRED ENABLE;
  ALTER TABLE "BUYBEE"."BUYBEEAPP_PEDIDO" ADD CONSTRAINT "BUYBEEAPP_ESTADO_ID_D0D6E8B9_F" FOREIGN KEY ("ESTADO_ID")
	  REFERENCES "BUYBEE"."BUYBEEAPP_ESTADOPEDIDO" ("ID") DEFERRABLE INITIALLY DEFERRED ENABLE;
--------------------------------------------------------
--  Ref Constraints for Table BUYBEEAPP_PRODUCTOCARRITO
--------------------------------------------------------

  ALTER TABLE "BUYBEE"."BUYBEEAPP_PRODUCTOCARRITO" ADD CONSTRAINT "BUYBEEAPP_CARRITO_I_E91513D4_F" FOREIGN KEY ("CARRITO_ID")
	  REFERENCES "BUYBEE"."BUYBEEAPP_CARRITO" ("ID") DEFERRABLE INITIALLY DEFERRED ENABLE;
  ALTER TABLE "BUYBEE"."BUYBEEAPP_PRODUCTOCARRITO" ADD CONSTRAINT "BUYBEEAPP_PRODUCTO__D152B643_F" FOREIGN KEY ("PRODUCTO_ID")
	  REFERENCES "BUYBEE"."BUYBEEAPP_PRODUCTOVENTA" ("ID") DEFERRABLE INITIALLY DEFERRED ENABLE;
--------------------------------------------------------
--  Ref Constraints for Table BUYBEEAPP_PRODUCTOIMAGEN
--------------------------------------------------------

  ALTER TABLE "BUYBEE"."BUYBEEAPP_PRODUCTOIMAGEN" ADD CONSTRAINT "BUYBEEAPP_PRODUCTO__61F79252_F" FOREIGN KEY ("PRODUCTO_ID")
	  REFERENCES "BUYBEE"."BUYBEEAPP_PRODUCTOVENTA" ("ID") DEFERRABLE INITIALLY DEFERRED ENABLE;
--------------------------------------------------------
--  Ref Constraints for Table BUYBEEAPP_PRODUCTOVENTA
--------------------------------------------------------

  ALTER TABLE "BUYBEE"."BUYBEEAPP_PRODUCTOVENTA" ADD CONSTRAINT "BUYBEEAPP_CATEGORIA_D6387532_F" FOREIGN KEY ("CATEGORIA_ID")
	  REFERENCES "BUYBEE"."BUYBEEAPP_CATEGORIA" ("ID") DEFERRABLE INITIALLY DEFERRED ENABLE;
  ALTER TABLE "BUYBEE"."BUYBEEAPP_PRODUCTOVENTA" ADD CONSTRAINT "BUYBEEAPP_VENDEDOR__7939DAC0_F" FOREIGN KEY ("VENDEDOR_ID")
	  REFERENCES "BUYBEE"."BUYBEEAPP_USUARIO" ("RUT") DEFERRABLE INITIALLY DEFERRED ENABLE;
--------------------------------------------------------
--  Ref Constraints for Table DJANGO_ADMIN_LOG
--------------------------------------------------------

  ALTER TABLE "BUYBEE"."DJANGO_ADMIN_LOG" ADD CONSTRAINT "DJANGO_AD_CONTENT_T_C4BCE8EB_F" FOREIGN KEY ("CONTENT_TYPE_ID")
	  REFERENCES "BUYBEE"."DJANGO_CONTENT_TYPE" ("ID") DEFERRABLE INITIALLY DEFERRED ENABLE;
  ALTER TABLE "BUYBEE"."DJANGO_ADMIN_LOG" ADD CONSTRAINT "DJANGO_AD_USER_ID_C564EBA6_F" FOREIGN KEY ("USER_ID")
	  REFERENCES "BUYBEE"."AUTH_USER" ("ID") DEFERRABLE INITIALLY DEFERRED ENABLE;
